Symbol,Date,Open,High,Low,Close,Vol
EBL,1/1/2012,696,695,681,685,"6,914"
EBL,1/2/2012,685,714,680,714,"9,126"
EBL,1/3/2012,714,714,700,700,"4,018"
EBL,1/4/2012,700,700,680,681,"18,324"
EBL,1/5/2012,681,702,680,702,"5,733"
EBL,1/8/2012,702,700,675,700,"9,151"
EBL,1/9/2012,700,686,670,670,"12,252"
EBL,1/10/2012,702,709,661,690,389
EBL,1/11/2012,690,740,670,714,"1,369"
EBL,1/12/2012,714,728,711,728,110
EBL,1/16/2012,728,714,686,693,429
EBL,1/17/2012,693,711,685,697,283
EBL,1/18/2012,697,703,690,693,821
EBL,1/19/2012,693,700,687,687,780
EBL,1/22/2012,687,692,685,685,183
EBL,1/23/2012,685,685,670,670,"3,838"
EBL,1/25/2012,670,683,670,682,"1,151"
EBL,1/26/2012,682,691,670,690,330
EBL,1/29/2012,690,680,670,680,"3,345"
EBL,1/31/2012,680,680,670,675,453
EBL,2/1/2012,675,687,670,687,"1,427"
EBL,2/2/2012,687,682,670,680,"2,007"
EBL,2/5/2012,680,684,671,672,67
EBL,2/6/2012,672,673,670,672,"1,677"
EBL,2/7/2012,672,683,665,683,"1,337"
EBL,2/8/2012,683,696,696,696,210
EBL,2/9/2012,696,709,665,696,"1,552"
EBL,2/12/2012,696,683,670,683,968
EBL,2/13/2012,683,684,670,671,800
EBL,2/14/2012,671,672,667,667,"6,670"
EBL,2/15/2012,667,679,668,679,"1,229"
EBL,2/16/2012,679,688,665,670,"2,457"
EBL,2/21/2012,670,680,665,680,"1,290"
EBL,2/23/2012,680,694,665,694,"3,286"
EBL,2/26/2012,694,681,665,680,"4,064"
EBL,2/27/2012,680,688,671,688,573
EBL,2/28/2012,688,698,670,698,"3,642"
EBL,2/29/2012,698,685,670,676,"2,794"
EBL,3/1/2012,676,690,655,690,"33,581"
EBL,3/4/2012,690,683,668,683,"1,949"
EBL,3/5/2012,683,686,665,686,"6,761"
EBL,3/6/2012,686,690,665,690,"3,519"
EBL,3/11/2012,690,683,670,683,770
EBL,3/12/2012,683,683,665,683,"1,930"
EBL,3/13/2012,683,670,650,670,"152,797"
EBL,3/14/2012,670,692,669,692,828
EBL,3/15/2012,692,683,670,683,564
EBL,3/18/2012,683,684,665,678,"4,530"
EBL,3/19/2012,678,678,665,665,"4,922"
EBL,3/20/2012,665,695,667,695,416
EBL,3/21/2012,695,700,671,700,582
EBL,3/25/2012,700,686,670,683,880
EBL,3/26/2012,683,678,665,678,"8,350"
EBL,3/27/2012,678,678,662,678,"5,611"
EBL,3/28/2012,678,678,665,678,"4,252"
EBL,3/29/2012,678,670,665,670,"4,310"
EBL,4/1/2012,670,705,666,705,328
EBL,4/2/2012,705,691,673,680,289
EBL,4/3/2012,680,688,666,688,"3,949"
EBL,4/4/2012,688,689,675,689,"2,384"
EBL,4/5/2012,689,680,675,678,"10,316"
EBL,4/8/2012,678,690,680,685,529
EBL,4/9/2012,685,694,690,694,"3,029"
EBL,4/10/2012,694,702,691,700,"3,405"
EBL,4/11/2012,700,725,705,715,"3,502"
EBL,4/12/2012,715,751,718,751,"4,129"
EBL,4/15/2012,751,804,751,804,"6,854"
EBL,4/16/2012,804,883,820,883,415
EBL,4/17/2012,883,971,795,796,"15,765"
EBL,4/18/2012,796,873,760,830,"11,617"
EBL,4/19/2012,830,881,830,881,"3,226"
EBL,4/22/2012,881,915,875,899,"10,422"
EBL,4/24/2012,899,988,911,988,"1,848"
EBL,4/25/2012,988,1086,1007,1086,"1,310"
EBL,4/26/2012,1086,1151,978,1110,"15,702"
EBL,4/29/2012,1110,1125,1051,1078,"9,521"
EBL,4/30/2012,1078,1099,1000,1003,"14,923"
EBL,5/2/2012,1003,983,904,909,"2,436"
EBL,5/3/2012,909,999,927,999,"11,750"
EBL,5/7/2012,999,1058,1018,1058,"3,386"
EBL,5/8/2012,1058,1122,1066,1118,"13,100"
EBL,5/9/2012,1118,1110,1016,1060,"8,023"
EBL,5/10/2012,1060,1069,1010,1033,"7,737"
EBL,5/13/2012,1033,1020,965,980,"3,325"
EBL,5/14/2012,980,961,890,905,"9,168"
EBL,5/15/2012,905,995,923,995,860
EBL,5/17/2012,995,1094,1014,1070,"15,047"
EBL,5/20/2012,1070,1074,1010,1060,"4,824"
EBL,5/21/2012,1060,1085,1035,1084,"7,022"
EBL,5/22/2012,1084,1063,1002,1035,"6,705"
EBL,5/23/2012,1035,1015,935,960,"6,502"
EBL,5/24/2012,960,1015,941,1015,"6,091"
EBL,5/27/2012,1015,1080,1025,1069,"8,697"
EBL,5/29/2012,1069,1048,1048,1048,20
EBL,5/30/2012,1048,1028,944,944,91
EBL,5/31/2012,944,934,850,917,"6,011"
EBL,6/3/2012,917,1008,917,1000,"3,440"
EBL,6/4/2012,1000,1020,971,991,"5,836"
EBL,6/5/2012,991,972,938,958,"5,137"
EBL,6/6/2012,958,953,911,953,"1,197"
EBL,6/7/2012,953,974,935,957,"4,577"
EBL,6/10/2012,957,938,900,908,"5,342"
EBL,6/11/2012,908,955,922,929,"1,468"
EBL,6/12/2012,929,955,912,955,267
EBL,6/13/2012,955,952,930,948,410
EBL,6/14/2012,948,948,930,947,257
EBL,6/17/2012,947,929,910,927,"3,064"
EBL,6/18/2012,927,927,910,922,"1,954"
EBL,6/19/2012,922,915,900,905,"9,924"
EBL,6/20/2012,905,923,900,916,"18,507"
EBL,6/21/2012,916,918,900,918,"96,949"
EBL,6/25/2012,918,941,911,939,"1,492"
EBL,6/26/2012,939,935,900,926,"4,204"
EBL,6/27/2012,926,949,915,940,"3,790"
EBL,6/28/2012,940,955,936,946,"3,200"
EBL,7/1/2012,946,950,930,938,"16,001"
EBL,7/2/2012,938,949,930,944,"15,297"
EBL,7/3/2012,944,944,939,940,"4,512"
EBL,7/4/2012,940,963,933,954,"10,200"
EBL,7/5/2012,954,953,940,952,"6,107"
EBL,7/8/2012,952,952,941,950,"2,373"
EBL,7/9/2012,950,965,950,965,"2,901"
EBL,7/10/2012,965,985,965,985,"7,467"
EBL,7/11/2012,985,990,974,980,"5,222"
EBL,7/12/2012,980,994,975,981,"59,280"
EBL,7/15/2012,981,1039,980,1033,"18,211"
EBL,7/16/2012,1033,1013,970,995,"24,941"
EBL,7/17/2012,995,997,978,990,"2,281"
EBL,7/18/2012,990,1038,995,1038,"4,388"
EBL,7/19/2012,1038,1060,1030,1055,"7,695"
EBL,7/22/2012,1055,1080,1050,1064,"9,924"
EBL,7/23/2012,1064,1091,1051,1080,"5,864"
EBL,7/24/2012,1080,1082,1041,1069,"5,993"
EBL,7/25/2012,1069,1081,1061,1072,"59,028"
EBL,7/26/2012,1072,1072,1042,1065,"5,046"
EBL,7/29/2012,1065,1058,1032,1051,"7,154"
EBL,7/30/2012,1051,1076,1042,1059,"3,066"
EBL,7/31/2012,1059,1084,1040,1060,"7,345"
EBL,8/1/2012,1060,1065,1050,1062,"14,489"
EBL,8/5/2012,1062,1084,1065,1084,"6,095"
EBL,8/6/2012,1084,1095,1045,1077,"6,039"
EBL,8/7/2012,1077,1098,1077,1081,"7,376"
EBL,8/8/2012,1081,1081,1075,1080,"1,472"
EBL,8/12/2012,1080,1090,1071,1079,"9,649"
EBL,8/13/2012,1079,1085,1045,1070,"6,998"
EBL,8/14/2012,1070,1070,1052,1057,"14,932"
EBL,8/15/2012,1057,1080,1050,1053,"11,458"
EBL,8/16/2012,1053,1065,1035,1062,"6,326"
EBL,8/19/2012,1062,1073,1050,1065,"3,473"
EBL,8/21/2012,1065,1074,1060,1064,"7,444"
EBL,8/22/2012,1064,1064,1055,1060,"4,555"
EBL,8/23/2012,1060,1063,1050,1050,"3,679"
EBL,8/26/2012,1050,1065,1050,1055,"2,846"
EBL,8/27/2012,1055,1065,1050,1061,"3,887"
EBL,8/28/2012,1061,1069,1057,1063,"3,340"
EBL,8/29/2012,1063,1098,1065,1097,"8,128"
EBL,8/30/2012,1097,1110,1080,1087,"9,198"
EBL,9/2/2012,1087,1108,1090,1105,"10,791"
EBL,9/3/2012,1105,1119,1108,1110,"8,841"
EBL,9/4/2012,1110,1120,1090,1096,"8,673"
EBL,9/5/2012,1096,1098,1080,1095,"3,536"
EBL,9/6/2012,1095,1096,1090,1091,"3,448"
EBL,9/9/2012,1091,1094,1080,1094,"3,063"
EBL,9/10/2012,1094,1090,1082,1085,"2,158"
EBL,9/11/2012,1085,1098,1082,1091,"4,400"
EBL,9/12/2012,1091,1101,1095,1097,"9,867"
EBL,9/13/2012,1097,1119,1100,1110,"7,798"
EBL,9/16/2012,1110,1162,1115,1153,"8,048"
EBL,9/17/2012,1153,1165,1150,1155,"5,436"
EBL,9/18/2012,1155,1166,1150,1155,"3,503"
EBL,9/19/2012,1155,1150,1111,1133,"7,809"
EBL,9/20/2012,1133,1139,1120,1135,"4,356"
EBL,9/23/2012,1135,1140,1100,1108,"14,010"
EBL,9/24/2012,1108,1111,1101,1111,"4,269"
EBL,9/25/2012,1111,1112,1104,1110,"5,222"
EBL,9/26/2012,1110,1119,1090,1100,"6,526"
EBL,9/30/2012,1100,1105,1100,1104,"2,475"
EBL,10/1/2012,1104,1110,1100,1105,"1,968"
EBL,10/1/2012,1104,1110,1100,1105,"1,968"
EBL,10/2/2012,1105,1112,1105,1111,"1,556"
EBL,10/3/2012,1111,1115,1102,1112,"3,537"
EBL,10/4/2012,1112,1116,1108,1116,"3,288"
EBL,10/7/2012,1116,1130,1101,1130,"5,722"
EBL,10/8/2012,1130,1141,1126,1132,"4,169"
EBL,10/9/2012,1132,1131,1122,1130,"6,909"
EBL,10/10/2012,1130,1140,1124,1125,"9,516"
EBL,10/11/2012,1125,1134,1106,1129,"3,706"
EBL,10/14/2012,1129,1142,1111,1134,"7,164"
EBL,10/15/2012,1134,1147,1126,1144,"7,876"
EBL,10/17/2012,1144,1166,1126,1160,"6,699"
EBL,10/18/2012,1160,1179,1160,1171,"11,153"
EBL,10/30/2012,1171,985,910,983,"2,400"
EBL,10/31/2012,983,1020,995,1020,"4,204"
EBL,11/1/2012,1020,1040,1010,1014,"1,546"
EBL,11/4/2012,1014,1035,1012,1012,"1,752"
EBL,11/5/2012,1012,1039,1015,1015,"3,601"
EBL,11/6/2012,1015,1071,1030,1050,"1,901"
EBL,11/7/2012,1050,1122,1071,1122,"2,338"
EBL,11/8/2012,1122,1213,1144,1205,"6,088"
EBL,11/11/2012,1205,1228,1116,1121,"4,239"
EBL,11/12/2012,1121,1160,1111,1159,"2,862"
EBL,11/18/2012,1159,1205,1150,1200,"3,635"
EBL,11/20/2012,1200,1260,1180,1252,"3,478"
EBL,11/21/2012,1252,1256,1203,1245,"4,575"
EBL,11/22/2012,1245,1235,1200,1235,"3,674"
EBL,11/25/2012,1235,1244,1211,1223,"4,981"
EBL,11/26/2012,1223,1225,1190,1225,"3,653"
EBL,11/27/2012,1225,1230,1210,1211,"2,035"
EBL,11/28/2012,1211,1220,1200,1219,"2,723"
EBL,11/29/2012,1219,1215,1190,1206,"5,155"
EBL,12/2/2012,1206,1195,1160,1183,"3,634"
EBL,12/3/2012,1183,1185,1165,1169,"2,400"
EBL,12/4/2012,1169,1213,1181,1199,"4,003"
EBL,12/5/2012,1199,1260,1222,1245,"6,400"
EBL,12/6/2012,1245,1240,1220,1231,"2,785"
EBL,12/9/2012,1231,1234,1201,1201,"2,886"
EBL,12/10/2012,1201,1205,1140,1197,"3,889"
EBL,12/11/2012,1197,1199,1152,1199,"2,463"
EBL,12/12/2012,1199,1209,1176,1205,"2,189"
EBL,12/13/2012,1205,1222,1190,1220,"2,939"
EBL,12/16/2012,1220,1269,1218,1255,"15,378"
EBL,12/17/2012,1255,1320,1280,1290,"13,805"
EBL,12/18/2012,1290,1290,1260,1290,"4,300"
EBL,12/19/2012,1290,1304,1290,1302,"7,954"
EBL,12/20/2012,1302,1320,1281,1310,"9,128"
EBL,12/23/2012,1310,1322,1300,1316,"5,578"
EBL,12/24/2012,1316,1340,1300,1336,"4,096"
EBL,12/26/2012,1336,1390,1312,1360,"6,009"
EBL,12/27/2012,1360,1399,1333,1395,"6,982"
EBL,12/31/2012,1395,1398,1365,1380,"4,964"
EBL,1/1/2013,1380,1379,1356,1359,"5,369"
EBL,1/2/2013,1359,1365,1348,1365,"6,181"
EBL,1/3/2013,1365,1379,1352,1375,"4,971"
EBL,1/6/2013,1375,1392,1370,1375,"19,711"
EBL,1/7/2013,1375,1380,1363,1370,"12,992"
EBL,1/8/2013,1370,1369,1363,1366,"1,306"
EBL,1/9/2013,1366,1370,1360,1361,"2,910"
EBL,1/10/2013,1361,1375,1360,1375,"4,705"
EBL,1/13/2013,1375,1382,1370,1380,"9,114"
EBL,1/15/2013,1380,1412,1380,1400,"5,580"
EBL,1/16/2013,1400,1422,1386,1390,"4,790"
EBL,1/17/2013,1390,1398,1365,1370,"3,520"
EBL,1/20/2013,1370,1368,1310,1330,"6,191"
EBL,1/21/2013,1330,1370,1330,1358,"3,243"
EBL,1/22/2013,1358,1395,1358,1388,"2,553"
EBL,1/23/2013,1388,1412,1371,1373,"2,950"
EBL,1/24/2013,1373,1378,1366,1374,"3,751"
EBL,1/28/2013,1380,1389,1365,1365,"3,166"
EBL,1/30/2013,1365,1367,1350,1362,"10,804"
EBL,1/31/2013,1362,1366,1354,1355,"2,679"
EBL,2/3/2013,1355,1394,1355,1375,"3,916"
EBL,2/4/2013,1375,1385,1370,1370,"2,782"
EBL,2/5/2013,1370,1380,1370,1377,"3,752"
EBL,2/6/2013,1377,1372,1367,1372,"2,461"
EBL,2/7/2013,1372,1379,1370,1379,"1,580"
EBL,2/10/2013,1379,1385,1374,1381,"5,040"
EBL,2/12/2013,1381,1435,1400,1435,"7,433"
EBL,2/13/2013,1435,1424,1390,1421,"4,644"
EBL,2/14/2013,1421,1463,1430,1451,"8,931"
EBL,2/17/2013,1451,1569,1480,1569,647
EBL,2/19/2013,1569,1713,1550,1550,"13,828"
EBL,2/20/2013,1550,1560,1485,1548,"7,152"
EBL,2/21/2013,1548,1590,1530,1569,"5,779"
EBL,2/24/2013,1569,1561,1550,1555,"3,053"
EBL,2/25/2013,1555,1655,1570,1591,"9,845"
EBL,2/26/2013,1591,1654,1590,1605,"10,309"
EBL,2/27/2013,1605,1591,1565,1591,"3,750"
EBL,2/28/2013,1591,1599,1580,1599,"2,037"
EBL,3/3/2013,1599,1600,1580,1590,"6,263"
EBL,3/4/2013,1590,1605,1590,1591,"7,242"
EBL,3/5/2013,1591,1601,1560,1590,"2,952"
EBL,3/6/2013,1590,1609,1571,1600,"4,885"
EBL,3/7/2013,1600,1595,1568,1589,"4,394"
EBL,3/11/2013,1589,1618,1588,1598,"4,034"
EBL,3/13/2013,1598,1662,1610,1662,"4,679"
EBL,3/14/2013,1662,1729,1640,1660,"6,609"
EBL,3/17/2013,1660,1650,1610,1623,"7,080"
EBL,3/18/2013,1623,1615,1600,1603,"4,041"
EBL,3/19/2013,1603,1640,1585,1610,"6,732"
EBL,3/20/2013,1610,1624,1600,1600,"3,106"
EBL,3/21/2013,1600,1600,1582,1592,"3,253"
EBL,3/24/2013,1592,1582,1550,1560,"4,682"
EBL,3/25/2013,1560,1575,1540,1574,"5,823"
EBL,3/27/2013,1574,1575,1550,1574,"1,647"
EBL,3/28/2013,1574,1584,1553,1575,"2,902"
EBL,3/31/2013,1575,1574,1525,1544,"6,568"
EBL,4/1/2013,1544,1560,1514,1545,"7,186"
EBL,4/2/2013,1545,1579,1546,1575,"2,653"
EBL,4/3/2013,1575,1594,1570,1572,"4,273"
EBL,4/4/2013,1572,1563,1554,1554,"3,778"
EBL,4/7/2013,1554,1567,1540,1563,"1,576"
EBL,4/8/2013,1563,1580,1552,1555,"3,147"
EBL,4/9/2013,1555,1585,1555,1580,"3,367"
EBL,4/11/2013,1580,1603,1586,1593,"3,221"
EBL,4/15/2013,1593,1606,1590,1596,"6,352"
EBL,4/16/2013,1596,1595,1580,1588,"2,833"
EBL,4/17/2013,1588,1589,1555,1576,"3,703"
EBL,4/18/2013,1576,1580,1555,1567,"3,721"
EBL,4/21/2013,1567,1568,1540,1540,"10,680"
EBL,4/22/2013,1540,1543,1500,1537,"11,762"
EBL,4/23/2013,1537,1590,1542,1571,"5,506"
EBL,4/25/2013,1571,1584,1555,1560,"1,427"
EBL,4/28/2013,1560,1560,1530,1560,"4,716"
EBL,4/29/2013,1560,1561,1547,1550,"2,458"
EBL,4/30/2013,1550,1555,1535,1544,"12,260"
EBL,5/2/2013,1544,1540,1510,1526,"3,186"
EBL,5/5/2013,1526,1526,1500,1504,"4,133"
EBL,5/6/2013,1504,1500,1466,1494,"3,756"
EBL,5/7/2013,1494,1545,1505,1522,"1,455"
EBL,5/8/2013,1522,1516,1503,1515,"2,379"
EBL,5/9/2013,1515,1524,1505,1519,"1,848"
EBL,5/12/2013,1519,1535,1510,1510,"3,022"
EBL,5/13/2013,1510,1525,1510,1524,"3,539"
EBL,5/14/2013,1524,1540,1512,1533,"1,407"
EBL,5/15/2013,1533,1565,1530,1541,"4,043"
EBL,5/16/2013,1541,1556,1520,1556,"3,576"
EBL,5/19/2013,1556,1558,1540,1545,"2,912"
EBL,5/20/2013,1545,1560,1530,1551,"1,638"
EBL,5/21/2013,1551,1559,1542,1551,"2,425"
EBL,5/22/2013,1551,1556,1548,1549,"4,355"
EBL,5/23/2013,1549,1550,1525,1546,"1,393"
EBL,5/26/2013,1546,1555,1535,1550,"9,185"
EBL,5/27/2013,1550,1561,1547,1557,"3,996"
EBL,5/28/2013,1557,1560,1550,1550,"1,669"
EBL,5/30/2013,1550,1559,1550,1555,"2,297"
EBL,6/2/2013,1555,1560,1540,1545,"4,471"
EBL,6/3/2013,1545,1560,1540,1550,"2,820"
EBL,6/4/2013,1550,1550,1540,1546,"2,539"
EBL,6/5/2013,1546,1550,1538,1538,"4,005"
EBL,6/6/2013,1538,1547,1535,1540,"1,756"
EBL,6/9/2013,1540,1550,1539,1546,963
EBL,6/10/2013,1546,1545,1540,1540,"3,268"
EBL,6/11/2013,1540,1560,1525,1540,"8,920"
EBL,6/12/2013,1540,1540,1535,1540,865
EBL,6/13/2013,1540,1543,1520,1531,"1,802"
EBL,6/16/2013,1531,1555,1515,1525,"33,560"
EBL,6/17/2013,1525,1539,1525,1539,"5,843"
EBL,6/18/2013,1539,1544,1523,1524,"8,514"
EBL,6/19/2013,1524,1526,1522,1525,"2,522"
EBL,6/20/2013,1525,1530,1515,1515,"17,264"
EBL,6/23/2013,1515,1529,1510,1529,"1,001"
EBL,6/24/2013,1529,1529,1520,1524,805
EBL,6/25/2013,1524,1532,1515,1530,"16,658"
EBL,6/26/2013,1530,1559,1530,1550,"4,643"
EBL,6/27/2013,1550,1545,1530,1530,"7,915"
EBL,6/30/2013,1530,1540,1530,1530,"3,168"
EBL,7/1/2013,1530,1540,1532,1535,"1,134"
EBL,7/2/2013,1535,1540,1515,1537,"16,316"
EBL,7/3/2013,1537,1542,1531,1540,"3,542"
EBL,7/4/2013,1540,1546,1533,1539,"5,626"
EBL,7/7/2013,1539,1549,1539,1544,"4,118"
EBL,7/8/2013,1544,1550,1535,1550,"10,212"
EBL,7/9/2013,1550,1575,1560,1570,"3,924"
EBL,7/10/2013,1570,1616,1575,1596,"4,739"
EBL,7/11/2013,1596,1590,1575,1575,"3,581"
EBL,7/14/2013,1575,1618,1575,1575,"5,717"
EBL,7/15/2013,1575,1603,1576,1591,"5,281"
EBL,7/16/2013,1591,1609,1589,1599,"1,728"
EBL,7/17/2013,1599,1610,1575,1609,"2,876"
EBL,7/18/2013,1609,1669,1585,1668,"8,023"
EBL,7/21/2013,1668,1759,1700,1739,"10,674"
EBL,7/22/2013,1739,1775,1708,1725,"16,392"
EBL,7/23/2013,1725,1744,1727,1731,"7,761"
EBL,7/24/2013,1731,1738,1726,1737,"6,039"
EBL,7/25/2013,1737,1750,1725,1730,"12,648"
EBL,7/28/2013,1730,1750,1730,1739,"10,025"
EBL,7/29/2013,1739,1773,1736,1750,"8,279"
EBL,7/30/2013,1750,1815,1740,1800,"6,331"
EBL,7/31/2013,1800,1836,1799,1810,"10,007"
EBL,8/1/2013,1810,1897,1824,1836,"14,164"
EBL,8/4/2013,1836,1860,1830,1845,"7,197"
EBL,8/5/2013,1845,1845,1800,1806,"3,940"
EBL,8/6/2013,1806,1841,1765,1820,"5,789"
EBL,8/7/2013,1820,1824,1810,1810,"4,151"
EBL,8/8/2013,1810,1820,1800,1814,"2,741"
EBL,8/11/2013,1814,1795,1760,1782,"10,990"
EBL,8/12/2013,1782,1790,1770,1770,"3,627"
EBL,8/13/2013,1770,1777,1764,1770,"5,096"
EBL,8/14/2013,1770,1782,1770,1778,"2,227"
EBL,8/15/2013,1778,1790,1771,1780,"4,236"
EBL,8/18/2013,1780,1800,1785,1793,"2,567"
EBL,8/19/2013,1793,1810,1795,1806,"4,333"
EBL,8/20/2013,1806,1821,1807,1810,"4,226"
EBL,8/25/2013,1810,1824,1805,1814,"12,922"
EBL,8/26/2013,1814,1830,1810,1818,"5,708"
EBL,8/27/2013,1818,1875,1810,1841,"6,064"
EBL,8/29/2013,1841,1846,1834,1840,"13,762"
EBL,9/1/2013,1840,1843,1810,1830,"9,150"
EBL,9/2/2013,1830,1841,1834,1835,"4,868"
EBL,9/3/2013,1835,1836,1810,1825,"5,906"
EBL,9/4/2013,1825,1830,1790,1800,"12,561"
EBL,9/5/2013,1800,1820,1800,1820,"6,472"
EBL,9/8/2013,1820,1784,1638,1692,"27,879"
EBL,9/9/2013,1692,1692,1665,1679,"3,965"
EBL,9/10/2013,1679,1675,1601,1610,"10,975"
EBL,9/11/2013,1610,1659,1611,1630,"7,754"
EBL,9/12/2013,1630,1633,1610,1633,"6,244"
EBL,9/15/2013,1633,1675,1621,1670,"9,683"
EBL,9/16/2013,1670,1700,1681,1700,"14,995"
EBL,9/17/2013,1700,1715,1692,1700,"18,247"
EBL,9/19/2013,1545,1560,1535,1538,"1,200"
EBL,9/22/2013,1538,1530,1490,1491,"1,843"
EBL,9/23/2013,1491,1501,1471,1501,"1,112"
EBL,9/24/2013,1501,1505,1490,1490,874
EBL,9/25/2013,1491,1490,1480,1485,"2,541"
EBL,9/26/2013,1485,1480,1465,1472,"2,758"
EBL,9/29/2013,1472,1478,1469,1469,"1,867"
EBL,9/30/2013,1469,1470,1460,1465,"2,236"
EBL,10/1/2013,1465,1466,1450,1450,"3,367"
EBL,10/2/2013,1450,1450,1439,1439,"6,282"
EBL,10/3/2013,1439,1460,1440,1460,717
EBL,10/6/2013,1460,1470,1450,1470,"3,225"
EBL,10/7/2013,1470,1499,1481,1499,197
EBL,10/8/2013,1499,1535,1520,1535,864
EBL,10/9/2013,1535,1555,1538,1555,"1,353"
EBL,10/10/2013,1555,1566,1560,1560,"1,017"
EBL,10/17/2013,1560,1590,1590,1590,27
EBL,10/20/2013,1590,1680,1575,1680,"5,329"
EBL,10/21/2013,1680,1695,1670,1670,"3,212"
EBL,10/22/2013,1670,1640,1625,1630,917
EBL,10/23/2013,1630,1640,1606,1630,"2,049"
EBL,10/24/2013,1630,1633,1610,1610,"2,403"
EBL,10/27/2013,1610,1610,1595,1600,"1,805"
EBL,10/28/2013,1600,1595,1589,1593,"1,545"
EBL,10/29/2013,1593,1600,1575,1600,"1,214"
EBL,10/30/2013,1600,1625,1600,1600,"3,613"
EBL,10/31/2013,1600,1632,1610,1610,371
EBL,11/6/2013,1610,1615,1595,1600,"1,700"
EBL,11/7/2013,1600,1615,1590,1595,"3,245"
EBL,11/11/2013,1585,1610,1555,1610,"3,134"
EBL,11/12/2013,1610,1650,1625,1635,"5,129"
EBL,11/13/2013,1635,1700,1645,1664,"2,530"
EBL,11/14/2013,1664,1683,1632,1683,"9,254"
EBL,11/21/2013,1683,1716,1716,1716,10
EBL,11/24/2013,1716,1887,1750,1850,"7,064"
EBL,11/25/2013,1850,1850,1800,1806,"8,881"
EBL,11/26/2013,1806,1855,1805,1810,"5,399"
EBL,11/27/2013,1810,1811,1799,1805,"4,408"
EBL,11/28/2013,1805,1804,1786,1790,"2,707"
EBL,12/1/2013,1790,1820,1805,1805,"4,298"
EBL,12/2/2013,1805,1826,1810,1814,"4,184"
EBL,12/3/2013,1814,1820,1805,1810,"4,415"
EBL,12/4/2013,1810,1910,1840,1875,"6,037"
EBL,12/5/2013,1875,1978,1890,1925,"4,501"
EBL,12/8/2013,1925,1915,1880,1895,"6,777"
EBL,12/9/2013,1895,1950,1900,1932,"5,541"
EBL,12/10/2013,1932,1930,1900,1900,"2,598"
EBL,12/11/2013,1900,1980,1935,1950,"5,113"
EBL,12/12/2013,1950,1960,1916,1960,"7,341"
EBL,12/15/2013,1960,2020,1950,2015,"6,790"
EBL,12/16/2013,2015,2170,2055,2100,"3,650"
EBL,12/18/2013,2100,2281,2142,2240,"3,166"
EBL,12/19/2013,2240,2330,2090,2330,"14,538"
EBL,12/22/2013,2330,2360,2260,2314,"12,535"
EBL,12/23/2013,2300,2280,2230,2243,"8,184"
EBL,12/24/2013,2243,2305,2190,2250,"8,792"
EBL,12/26/2013,2250,2360,2251,2275,"7,054"
EBL,12/29/2013,2275,2300,2275,2285,"4,793"
EBL,12/31/2013,2285,2290,2153,2255,"5,212"
EBL,1/1/2014,2255,2270,2176,2202,"6,621"
EBL,1/2/2014,2202,2244,2140,2230,"4,082"
EBL,1/5/2014,2230,2225,2150,2185,"3,755"
EBL,1/6/2014,2185,2225,2190,2205,"2,375"
EBL,1/7/2014,2205,2201,2170,2192,"4,439"
EBL,1/8/2014,2192,2234,2166,2215,"5,450"
EBL,1/9/2014,2215,2255,2215,2222,"4,172"
EBL,1/12/2014,2222,2269,2225,2255,"4,040"
EBL,1/13/2014,2255,2294,2240,2240,"1,628"
EBL,1/14/2014,2240,2270,2210,2210,"1,881"
EBL,1/16/2014,2210,2295,2222,2235,"5,042"
EBL,1/19/2014,2235,2250,2218,2225,"2,532"
EBL,1/20/2014,2225,2235,2180,2200,"4,921"
EBL,1/21/2014,2200,2205,2185,2195,"3,022"
EBL,1/22/2014,2195,2200,2177,2177,"3,792"
EBL,1/23/2014,2177,2220,2176,2177,"2,638"
EBL,1/26/2014,2177,2200,2152,2179,"4,237"
EBL,1/27/2014,2179,2189,2146,2165,"1,374"
EBL,1/28/2014,2165,2170,2150,2150,"3,578"
EBL,1/29/2014,2150,2175,2150,2170,"2,442"
EBL,2/2/2014,2170,2170,2125,2127,"2,429"
EBL,2/3/2014,2127,2127,2075,2075,"2,752"
EBL,2/4/2014,2075,2100,2060,2080,"3,485"
EBL,2/6/2014,2090,2130,2086,2105,"3,109"
EBL,2/9/2014,2105,2101,2055,2090,"2,963"
EBL,2/10/2014,2090,2288,2131,2150,"4,923"
EBL,2/11/2014,2150,2150,2092,2129,"7,047"
EBL,2/12/2014,2129,2125,2090,2090,"3,861"
EBL,2/13/2014,2090,2125,2085,2120,"3,227"
EBL,2/16/2014,2120,2162,2085,2090,"2,340"
EBL,2/17/2014,2090,2120,2100,2100,"1,767"
EBL,2/18/2014,2100,2137,2095,2106,"4,242"
EBL,2/20/2014,2106,2180,2100,2130,"2,619"
EBL,2/23/2014,2130,2240,2130,2225,"6,646"
EBL,2/24/2014,2225,2310,2200,2229,"4,785"
EBL,2/25/2014,2229,2275,2190,2275,"2,094"
EBL,2/26/2014,2275,2300,2182,2200,"2,756"
EBL,3/3/2014,2200,2174,2124,2150,"3,690"
EBL,3/4/2014,2150,2135,2080,2135,"5,671"
EBL,3/5/2014,2135,2175,2102,2145,"2,177"
EBL,3/6/2014,2145,2183,2090,2120,"4,347"
EBL,3/9/2014,2120,2100,2071,2095,"3,132"
EBL,3/10/2014,2095,2082,2045,2080,"3,111"
EBL,3/11/2014,2080,2082,2056,2070,"6,802"
EBL,3/12/2014,2070,2055,2040,2041,"5,982"
EBL,3/13/2014,2041,2065,2031,2031,"2,363"
EBL,3/13/2014,2041,2065,2031,2031,"2,363"
EBL,3/17/2014,2031,2050,2000,2030,"9,223"
EBL,3/18/2014,2030,2030,1990,1990,"10,471"
EBL,3/19/2014,1990,2055,1965,2011,"14,949"
EBL,3/20/2014,2011,2049,2000,2039,"4,853"
EBL,3/23/2014,2039,2046,2020,2031,"4,197"
EBL,3/24/2014,2031,2100,2030,2095,"4,092"
EBL,3/25/2014,2095,2100,2066,2095,"3,569"
EBL,3/26/2014,2095,2102,2085,2097,"2,551"
EBL,3/27/2014,2097,2110,2080,2100,"5,997"
EBL,3/31/2014,2058,2120,2070,2090,"10,058"
EBL,4/1/2014,2090,2142,2100,2119,"5,183"
EBL,4/2/2014,2119,2180,2100,2151,"5,540"
EBL,4/3/2014,2151,2201,2151,2167,"4,635"
EBL,4/6/2014,2167,2181,2159,2160,"3,936"
EBL,4/7/2014,2160,2165,2130,2158,"3,613"
EBL,4/9/2014,2158,2180,2130,2180,"2,927"
EBL,4/10/2014,2180,2214,2175,2190,"7,615"
EBL,4/13/2014,2190,2231,2190,2205,"8,948"
EBL,4/15/2014,2205,2262,2205,2245,"5,236"
EBL,4/16/2014,2245,2245,2225,2225,"6,337"
EBL,4/17/2014,2225,2250,2195,2220,"4,664"
EBL,4/20/2014,2220,2235,2195,2200,"5,480"
EBL,4/21/2014,2200,2210,2177,2190,"4,350"
EBL,4/22/2014,2190,2200,2185,2187,"3,575"
EBL,4/23/2014,2187,2215,2190,2205,"3,134"
EBL,4/27/2014,2205,2225,2195,2195,"1,683"
EBL,4/28/2014,2195,2202,2190,2195,"2,295"
EBL,4/29/2014,2195,2195,2185,2187,"1,865"
EBL,4/30/2014,2187,2206,2195,2200,"4,020"
EBL,5/4/2014,2200,2220,2192,2214,"4,744"
EBL,5/5/2014,2214,2280,2190,2275,"2,614"
EBL,5/6/2014,2275,2321,2280,2300,"4,509"
EBL,5/7/2014,2300,2340,2282,2282,"4,192"
EBL,5/8/2014,2282,2280,2250,2272,"3,089"
EBL,5/11/2014,2272,2285,2251,2260,"4,450"
EBL,5/12/2014,2260,2270,2245,2245,"1,349"
EBL,5/13/2014,2245,2250,2210,2215,"2,722"
EBL,5/15/2014,2215,2220,2200,2215,"2,870"
EBL,5/15/2014,2215,2220,2200,2215,"2,870"
EBL,5/18/2014,2215,2235,2210,2216,"2,286"
EBL,5/19/2014,2216,2239,2216,2232,"2,105"
EBL,5/20/2014,2232,2235,2190,2225,"1,574"
EBL,5/21/2014,2225,2229,2151,2229,"4,361"
EBL,5/22/2014,2229,2260,2210,2250,"2,780"
EBL,5/25/2014,2250,2320,2250,2320,"3,276"
EBL,5/26/2014,2320,2296,2250,2288,"7,037"
EBL,5/27/2014,2288,2286,2245,2262,"1,428"
EBL,5/28/2014,2262,2300,2263,2300,"5,145"
EBL,6/1/2014,2300,2350,2300,2340,"10,958"
EBL,6/2/2014,2340,2400,2350,2371,"6,795"
EBL,6/3/2014,2371,2402,2351,2397,"5,709"
EBL,6/4/2014,2397,2410,2385,2410,"5,330"
EBL,6/5/2014,2410,2415,2290,2375,"5,267"
EBL,6/8/2014,2375,2415,2375,2402,"4,209"
EBL,6/9/2014,2402,2410,2390,2395,"10,756"
EBL,6/10/2014,2395,2424,2371,2418,"8,366"
EBL,6/11/2014,2418,2476,2430,2445,"5,720"
EBL,6/12/2014,2445,2472,2408,2460,"7,252"
EBL,6/15/2014,2460,2590,2460,2501,"8,810"
EBL,6/16/2014,2501,2620,2550,2580,"5,551"
EBL,6/17/2014,2580,2605,2485,2580,"9,873"
EBL,6/17/2014,2580,2605,2485,2580,"9,873"
EBL,6/18/2014,2580,2620,2441,2546,"7,970"
EBL,6/19/2014,2546,2551,2500,2548,"6,465"
EBL,6/23/2014,2548,2515,2451,2458,"1,319"
EBL,6/24/2014,2458,2499,2450,2490,"1,969"
EBL,6/25/2014,2490,2570,2489,2550,"5,233"
EBL,6/26/2014,2550,2570,2550,2560,"2,209"
EBL,6/29/2014,2560,2601,2545,2570,"4,778"
EBL,6/30/2014,2570,2570,2536,2570,"2,256"
EBL,7/1/2014,2570,2605,2580,2598,"4,302"
EBL,7/2/2014,2598,2660,2600,2622,"3,819"
EBL,7/3/2014,2622,2628,2600,2600,"2,825"
EBL,7/6/2014,2600,2620,2600,2600,"4,615"
EBL,7/7/2014,2600,2630,2600,2608,"5,268"
EBL,7/8/2014,2608,2738,2620,2675,"7,912"
EBL,7/9/2014,2675,2730,2690,2730,"3,416"
EBL,7/10/2014,2730,2721,2681,2702,"4,740"
EBL,7/13/2014,2702,2756,2665,2733,"9,942"
EBL,7/14/2014,2733,2702,2660,2680,"1,964"
EBL,7/15/2014,2680,2700,2650,2675,623
EBL,7/16/2014,2675,2740,2600,2631,"6,693"
EBL,7/17/2014,2631,2718,2660,2686,"4,553"
EBL,7/20/2014,2686,2850,2690,2835,"8,099"
EBL,7/21/2014,2835,2885,2820,2875,"8,917"
EBL,7/22/2014,2875,2850,2775,2840,"4,532"
EBL,7/23/2014,2840,2853,2810,2815,"3,408"
EBL,7/24/2014,2815,2860,2790,2830,"4,885"
EBL,7/27/2014,2830,2860,2810,2825,"2,504"
EBL,7/28/2014,2825,2850,2800,2815,"2,306"
EBL,7/30/2014,2815,2840,2792,2795,"2,461"
EBL,7/31/2014,2795,2840,2780,2824,"4,873"
EBL,8/3/2014,2824,2810,2799,2801,"2,332"
EBL,8/4/2014,2801,2800,2750,2760,"4,732"
EBL,8/5/2014,2760,2800,2740,2775,"3,533"
EBL,8/6/2014,2775,2780,2705,2780,"5,586"
EBL,8/7/2014,2780,2740,2675,2709,"7,973"
EBL,8/12/2014,2709,2700,2596,2640,"4,861"
EBL,8/13/2014,2640,2692,2548,2630,"6,902"
EBL,8/14/2014,2630,2735,2600,2730,"5,671"
EBL,8/18/2014,2730,2775,2660,2700,"5,826"
EBL,8/19/2014,2700,2740,2671,2720,"7,076"
EBL,8/20/2014,2720,2700,2639,2650,"6,880"
EBL,8/21/2014,2650,2700,2510,2640,"6,805"
EBL,8/24/2014,2640,2699,2649,2655,"5,042"
EBL,8/25/2014,2655,2620,2475,2500,"14,604"
EBL,8/26/2014,2500,2450,2250,2250,"26,548"
EBL,8/27/2014,2250,2291,2219,2270,"24,617"
EBL,8/28/2014,2270,2340,2240,2260,"10,760"
EBL,8/31/2014,2260,2260,2190,2190,"18,306"
EBL,9/1/2014,2190,2257,2127,2257,"35,196"
EBL,9/3/2014,2015,2055,1942,1942,800
EBL,9/4/2014,1942,1980,1870,1908,"4,213"
EBL,9/7/2014,1908,1875,1783,1783,"4,778"
EBL,9/9/2014,1783,1880,1775,1878,"3,512"
EBL,9/10/2014,1878,1953,1851,1870,"4,092"
EBL,9/11/2014,1870,1870,1780,1850,"1,131"
EBL,9/14/2014,1850,1830,1813,1820,"2,416"
EBL,9/15/2014,1820,1838,1800,1830,959
EBL,9/16/2014,1830,1850,1825,1845,"1,034"
EBL,9/17/2014,1845,1860,1845,1850,785
EBL,9/18/2014,1850,1830,1779,1800,"3,089"
EBL,9/21/2014,1800,1805,1785,1795,867
EBL,9/22/2014,1795,1800,1790,1800,"2,236"
EBL,9/23/2014,1800,1850,1810,1820,"1,976"
EBL,9/24/2014,1820,1850,1839,1840,830
EBL,9/28/2014,1840,1890,1841,1890,"1,010"
EBL,9/29/2014,1890,1948,1890,1948,"1,390"
EBL,9/30/2014,1948,1999,1980,1985,"1,378"
EBL,10/8/2014,1985,1960,1960,1960,214
EBL,10/9/2014,1960,1931,1930,1930,71
EBL,10/12/2014,1930,1893,1865,1866,995
EBL,10/13/2014,1866,1890,1861,1890,587
EBL,10/14/2014,1890,1930,1890,1890,634
EBL,10/15/2014,1890,1914,1900,1908,798
EBL,10/16/2014,1908,1925,1901,1911,654
EBL,10/19/2014,1911,1910,1901,1910,451
EBL,10/20/2014,1910,1930,1914,1920,384
EBL,10/21/2014,1920,1925,1902,1920,"2,013"
EBL,10/22/2014,1920,1925,1920,1925,897
EBL,10/26/2014,1925,1931,1869,1915,"2,236"
EBL,10/27/2014,1915,1925,1896,1910,"1,772"
EBL,10/28/2014,1910,1930,1910,1916,981
EBL,10/30/2014,1916,1920,1900,1910,"3,797"
EBL,11/2/2014,1910,1910,1880,1890,"4,492"
EBL,11/3/2014,1890,1889,1845,1860,"3,102"
EBL,11/4/2014,1860,1831,1800,1815,841
EBL,11/5/2014,1815,1853,1815,1853,"1,346"
EBL,11/6/2014,1853,1850,1800,1820,"5,133"
EBL,11/9/2014,1820,1835,1799,1800,"1,346"
EBL,11/10/2014,1800,1780,1750,1750,"6,474"
EBL,11/11/2014,1750,1800,1749,1760,"3,067"
EBL,11/12/2014,1760,1770,1727,1770,"1,084"
EBL,11/13/2014,1770,1800,1751,1752,"3,454"
EBL,11/16/2014,1752,1760,1726,1760,766
EBL,11/17/2014,1760,1740,1655,1688,"1,787"
EBL,11/18/2014,1688,1705,1655,1670,"4,276"
EBL,11/19/2014,1670,1710,1645,1700,"6,923"
EBL,11/20/2014,1700,1760,1694,1694,"8,957"
EBL,11/23/2014,1694,1777,1695,1700,"14,849"
EBL,11/24/2014,1700,1712,1690,1690,"4,759"
EBL,11/25/2014,1690,1710,1676,1709,"2,536"
EBL,11/30/2014,1709,1725,1701,1725,"1,148"
EBL,12/1/2014,1725,1730,1700,1709,"8,647"
EBL,12/2/2014,1709,1710,1699,1709,"3,822"
EBL,12/3/2014,1709,1734,1709,1724,"3,168"
EBL,12/4/2014,1724,1761,1710,1739,"2,944"
EBL,12/7/2014,1739,1741,1700,1716,"6,700"
EBL,12/8/2014,1716,1731,1700,1731,"2,050"
EBL,12/9/2014,1731,1740,1722,1740,"1,159"
EBL,12/10/2014,1740,1768,1700,1745,"2,518"
EBL,12/11/2014,1745,1810,1747,1801,"1,881"
EBL,12/14/2014,1801,1936,1837,1936,"7,282"
EBL,12/15/2014,1936,2000,1855,1970,"12,962"
EBL,12/16/2014,1970,1970,1925,1949,"8,144"
EBL,12/17/2014,1949,1935,1900,1911,"8,676"
EBL,12/18/2014,1911,1943,1881,1900,"2,400"
EBL,12/21/2014,1900,1900,1856,1870,"4,417"
EBL,12/22/2014,1870,1870,1846,1850,"4,793"
EBL,12/23/2014,1850,1840,1820,1825,"3,258"
EBL,12/24/2014,1825,1902,1790,1887,"1,731"
EBL,12/28/2014,1887,1998,1924,1945,"4,597"
EBL,12/28/2014,1887,1998,1924,1945,"4,597"
EBL,12/29/2014,1945,1960,1900,1940,"11,310"
EBL,12/31/2014,1940,1935,1910,1915,"7,492"
EBL,1/1/2015,1915,1950,1900,1908,"7,377"
EBL,1/4/2015,1908,1950,1935,1950,"12,527"
EBL,1/5/2015,1950,1985,1930,1960,"4,362"
EBL,1/6/2015,1960,1963,1949,1950,"4,781"
EBL,1/7/2015,1950,1989,1945,1973,"6,564"
EBL,1/8/2015,1973,2000,1900,1981,"5,464"
EBL,1/11/2015,1981,1990,1975,1981,"3,992"
EBL,1/12/2015,1981,1987,1940,1960,"4,852"
EBL,1/13/2015,1960,1970,1945,1961,"1,823"
EBL,1/14/2015,1961,2000,1924,1982,"5,091"
EBL,1/18/2015,1982,2000,1982,1985,"4,572"
EBL,1/19/2015,1985,2172,1970,2090,"18,529"
EBL,1/20/2015,2090,2090,1970,2035,"6,487"
EBL,1/22/2015,2035,2040,1972,2022,"6,422"
EBL,1/25/2015,2022,2085,2035,2085,"2,567"
EBL,1/26/2015,2085,2114,2071,2088,"6,083"
EBL,1/27/2015,2088,2099,2070,2083,"5,887"
EBL,1/28/2015,2083,2144,2060,2130,"6,869"
EBL,1/29/2015,2130,2200,2110,2140,"6,175"
EBL,2/1/2015,2140,2149,2105,2145,"10,309"
EBL,2/2/2015,2145,2165,2146,2153,"8,378"
EBL,2/3/2015,2153,2155,2141,2150,"6,252"
EBL,2/4/2015,2150,2180,2140,2145,"5,108"
EBL,2/5/2015,2145,2150,2120,2131,"3,541"
EBL,2/8/2015,2131,2146,2125,2139,"6,343"
EBL,2/9/2015,2139,2139,2125,2130,"2,801"
EBL,2/10/2015,2130,2120,2088,2120,"4,145"
EBL,2/11/2015,2120,2169,2120,2145,"1,758"
EBL,2/12/2015,2145,2166,2125,2151,"1,020"
EBL,2/15/2015,2151,2160,2135,2150,"2,590"
EBL,2/16/2015,2150,2154,2146,2149,"3,816"
EBL,2/16/2015,2150,2154,2146,2149,"3,816"
EBL,2/18/2015,2149,2140,2125,2140,"1,568"
EBL,2/22/2015,2140,2139,2109,2125,"4,653"
EBL,2/23/2015,2125,2110,2085,2105,"6,051"
EBL,2/24/2015,2105,2110,2080,2100,"5,517"
EBL,2/25/2015,2100,2122,2100,2111,"2,461"
EBL,2/26/2015,2111,2130,2105,2130,"2,477"
EBL,3/1/2015,2130,2140,2110,2124,"1,226"
EBL,3/2/2015,2124,2145,2130,2130,"4,053"
EBL,3/3/2015,2130,2130,2120,2122,"1,183"
EBL,3/4/2015,2122,2155,2110,2131,"3,482"
EBL,3/9/2015,2131,2171,2145,2146,"3,668"
EBL,3/10/2015,2146,2153,2145,2150,"2,142"
EBL,3/11/2015,2150,2156,2140,2152,"1,471"
EBL,3/12/2015,2152,2150,2135,2140,"3,064"
EBL,3/15/2015,2140,2115,2095,2102,"4,487"
EBL,3/16/2015,2102,2100,2060,2075,"2,589"
EBL,3/17/2015,2075,2100,2065,2100,"2,181"
EBL,3/18/2015,2100,2110,2078,2100,"3,120"
EBL,3/19/2015,2100,2140,2095,2110,"1,838"
EBL,3/22/2015,2110,2152,2121,2130,"2,143"
EBL,3/23/2015,2130,2130,2090,2101,"3,825"
EBL,3/24/2015,2101,2100,2080,2093,"3,194"
EBL,3/25/2015,2093,2085,2070,2083,"2,108"
EBL,3/26/2015,2083,2088,2067,2070,"1,928"
EBL,3/29/2015,2070,2075,2060,2070,"2,350"
EBL,3/30/2015,2070,2074,2050,2055,"2,024"
EBL,3/31/2015,2055,2085,2060,2085,416
EBL,4/1/2015,2085,2080,2068,2068,500
EBL,4/2/2015,2068,2067,2060,2060,"1,551"
EBL,4/5/2015,2060,2065,2045,2065,"1,010"
EBL,4/6/2015,2065,2072,2055,2072,849
EBL,4/7/2015,2072,2080,2070,2070,"1,770"
EBL,4/8/2015,2070,2086,2060,2086,"2,916"
EBL,4/9/2015,2086,2145,2071,2145,848
EBL,4/12/2015,2145,2185,2125,2125,"2,118"
EBL,4/13/2015,2125,2135,2115,2133,"1,938"
EBL,4/15/2015,2133,2140,2125,2134,"1,110"
EBL,4/16/2015,2134,2141,2132,2132,"1,681"
EBL,4/19/2015,2132,2141,2130,2140,684
EBL,4/20/2015,2140,2150,2106,2137,"1,255"
EBL,4/21/2015,2137,2150,2121,2121,"2,603"
EBL,4/22/2015,2121,2140,2130,2131,"3,388"
EBL,4/23/2015,2131,2140,2120,2133,"4,219"
EBL,5/24/2015,2133,2091,1920,1920,110
EBL,5/25/2015,1920,1882,1728,1728,"1,013"
EBL,5/26/2015,1728,1793,1600,1735,"9,394"
EBL,5/27/2015,1735,1756,1715,1736,"5,069"
EBL,5/28/2015,1736,1814,1731,1770,"4,585"
EBL,5/31/2015,1770,1919,1737,1900,"5,936"
EBL,6/1/2015,1900,1990,1911,1950,"9,303"
EBL,6/2/2015,1950,1960,1921,1950,"9,741"
EBL,6/3/2015,1950,2050,1967,2030,"5,659"
EBL,6/4/2015,2030,2050,1991,2015,"4,601"
EBL,6/7/2015,2015,2045,2004,2029,"7,715"
EBL,6/8/2015,2029,2090,2015,2070,"10,615"
EBL,6/8/2015,2029,2090,2015,2070,"10,615"
EBL,6/8/2015,2029,2090,2015,2070,"10,615"
EBL,6/9/2015,2070,2210,2095,2115,"16,787"
EBL,6/10/2015,2115,2125,2083,2100,"10,851"
EBL,6/11/2015,2100,2075,2017,2035,"4,577"
EBL,6/14/2015,2035,2075,2028,2039,"3,182"
EBL,6/15/2015,2039,2069,2021,2050,"2,581"
EBL,6/16/2015,2050,2045,2030,2042,"3,738"
EBL,6/17/2015,2042,2045,2025,2025,"4,329"
EBL,6/18/2015,2025,2030,2005,2030,"10,686"
EBL,6/21/2015,2030,2040,2000,2020,"4,874"
EBL,6/22/2015,2020,2035,2000,2030,"2,355"
EBL,6/23/2015,2030,2025,2011,2020,"1,454"
EBL,6/24/2015,2020,2065,2000,2065,"2,844"
EBL,6/25/2015,2065,2065,2046,2065,"2,589"
EBL,6/28/2015,2065,2088,2070,2080,"5,725"
EBL,6/29/2015,2080,2121,2084,2100,"5,042"
EBL,6/30/2015,2100,2125,2090,2125,"4,585"
EBL,7/1/2015,2125,2135,2090,2099,"7,689"
EBL,7/2/2015,2099,2100,2060,2085,"5,553"
EBL,7/5/2015,2085,2095,2076,2084,"2,702"
EBL,7/6/2015,2084,2084,2072,2080,"6,325"
EBL,7/7/2015,2080,2094,2040,2094,"8,713"
EBL,7/8/2015,2094,2101,2086,2091,"4,540"
EBL,7/9/2015,2091,2100,2089,2091,"4,237"
EBL,7/12/2015,2091,2101,2096,2097,"7,637"
EBL,7/13/2015,2097,2101,2080,2101,"1,979"
EBL,7/14/2015,2101,2100,2091,2100,"1,689"
EBL,7/15/2015,2100,2109,2097,2103,"4,036"
EBL,7/16/2015,2103,2120,2100,2120,"4,625"
EBL,7/22/2015,2120,2150,2121,2135,"2,947"
EBL,7/23/2015,2135,2348,2150,2328,"18,553"
EBL,7/26/2015,2328,2560,2374,2560,"3,128"
EBL,7/27/2015,2560,2816,2560,2605,"46,461"
EBL,7/28/2015,2605,2605,2466,2553,"16,053"
EBL,7/29/2015,2553,2540,2500,2520,"12,392"
EBL,7/30/2015,2520,2613,2520,2560,"8,606"
EBL,8/2/2015,2560,2650,2560,2650,"9,246"
EBL,8/3/2015,2650,2644,2583,2594,"8,874"
EBL,8/4/2015,2594,2608,2586,2592,"12,474"
EBL,8/5/2015,2592,2599,2578,2595,"7,238"
EBL,8/6/2015,2595,2630,2581,2600,"8,756"
EBL,8/9/2015,2600,2720,2640,2715,"22,672"
EBL,8/10/2015,2715,2800,2715,2770,"15,767"
EBL,8/11/2015,2770,2775,2730,2745,"12,177"
EBL,8/12/2015,2745,2750,2655,2730,"9,755"
EBL,8/13/2015,2730,2820,2700,2820,"15,195"
EBL,8/16/2015,2820,2901,2800,2880,"32,246"
EBL,8/17/2015,2880,3168,2937,3168,"12,751"
EBL,8/18/2015,3168,3264,3127,3202,"12,797"
EBL,8/18/2015,3168,3264,3127,3202,"12,797"
EBL,8/19/2015,3202,3330,3202,3310,"6,179"
EBL,8/20/2015,3310,3449,3350,3350,"7,371"
EBL,8/23/2015,3350,3360,3280,3300,"5,885"
EBL,8/24/2015,3300,3330,3286,3290,"4,786"
EBL,8/25/2015,3290,3286,3200,3280,"3,741"
EBL,8/26/2015,3280,3310,3250,3252,"4,973"
EBL,8/27/2015,3252,3354,3100,3349,"118,323"
EBL,8/31/2015,3349,3450,3300,3360,"16,005"
EBL,9/1/2015,3360,3355,3299,3299,"19,026"
EBL,9/2/2015,3299,3300,3175,3228,"48,857"
EBL,9/3/2015,3228,3292,3183,3185,"44,483"
EBL,9/6/2015,3185,3210,3100,3142,"16,630"
EBL,9/7/2015,3142,3200,3160,3184,"4,140"
EBL,9/8/2015,3184,3209,3185,3191,"3,142"
EBL,9/9/2015,3191,3225,3200,3204,"7,309"
EBL,9/10/2015,3204,3200,3180,3185,"2,146"
EBL,9/13/2015,3185,3210,3195,3205,"2,639"
EBL,9/14/2015,3205,3300,3250,3265,"5,347"
EBL,9/15/2015,3265,3305,3265,3290,"6,186"
EBL,9/16/2015,3290,3335,3270,3280,"4,901"
EBL,9/17/2015,3280,3300,3201,3230,"3,175"
EBL,9/22/2015,3230,3178,3080,3080,"7,256"
EBL,9/23/2015,3080,3230,3141,3160,"7,823"
EBL,9/24/2015,3160,3205,3135,3163,"7,788"
EBL,9/28/2015,3163,3100,2921,3055,"23,475"
EBL,9/29/2015,3055,3090,3015,3080,"10,585"
EBL,9/30/2015,3080,3343,3141,3290,"25,069"
EBL,10/1/2015,3290,3300,3264,3300,"27,402"
EBL,10/4/2015,3300,3570,3366,3430,"32,290"
EBL,10/5/2015,3430,3401,3325,3345,"14,916"
EBL,10/6/2015,3345,3345,3200,3236,"14,510"
EBL,10/7/2015,3236,3250,3150,3220,"10,111"
EBL,10/8/2015,3220,3275,3160,3230,"11,440"
EBL,10/11/2015,3230,3220,3160,3192,"5,965"
EBL,10/14/2015,3192,3214,3101,3140,"14,155"
EBL,10/15/2015,3140,3080,2950,3079,"23,840"
EBL,10/18/2015,3079,3018,2772,2772,"24,148"
EBL,10/19/2015,2772,2819,2772,2819,"11,279"
EBL,10/25/2015,2819,2801,2761,2801,"2,245"
EBL,10/27/2015,2801,2789,2700,2702,"7,667"
EBL,10/28/2015,2702,2705,2592,2652,"5,654"
EBL,10/29/2015,2652,2730,2680,2695,"7,063"
EBL,11/1/2015,2695,2730,2695,2722,"4,607"
EBL,11/2/2015,2722,2760,2722,2730,"5,838"
EBL,11/3/2015,2730,2718,2685,2715,"7,363"
EBL,11/4/2015,2715,2720,2690,2715,"3,550"
EBL,11/5/2015,2715,2720,2700,2701,"4,429"
EBL,11/8/2015,2701,2700,2675,2675,"5,109"
EBL,11/9/2015,2675,2782,2728,2750,"4,368"
EBL,11/10/2015,2750,2775,2750,2770,"2,072"
EBL,11/15/2015,2770,2770,2700,2705,"6,692"
EBL,11/16/2015,2705,2715,2672,2700,"1,987"
EBL,11/18/2015,2700,2717,2650,2713,"3,767"
EBL,11/19/2015,2713,2720,2681,2681,"5,391"
EBL,11/22/2015,2681,2695,2602,2620,"8,504"
EBL,11/23/2015,2620,2600,2510,2584,"6,843"
EBL,11/24/2015,2584,2650,2533,2572,"5,097"
EBL,11/25/2015,2572,2599,2536,2536,"5,438"
EBL,11/26/2015,2536,2535,2465,2500,"7,772"
EBL,11/29/2015,2500,2510,2436,2437,"17,775"
EBL,11/30/2015,2437,2534,2455,2501,"25,127"
EBL,12/1/2015,1924,2014,1900,1990,"3,297"
EBL,12/2/2015,1990,1990,1945,1945,"2,634"
EBL,12/3/2015,1945,1995,1925,1960,"2,604"
EBL,12/6/2015,1960,2089,1999,2074,"7,213"
EBL,12/7/2015,2074,2190,2100,2130,"7,518"
EBL,12/8/2015,2130,2121,2096,2115,"2,796"
EBL,12/9/2015,2115,2150,2120,2130,"4,018"
EBL,12/10/2015,2130,2130,2096,2110,"2,901"
EBL,12/13/2015,2110,2100,2065,2075,"2,461"
EBL,12/14/2015,2075,2070,2042,2058,"2,515"
EBL,12/15/2015,2058,2055,2037,2049,"4,057"
EBL,12/16/2015,2049,2050,2010,2033,"3,482"
EBL,12/17/2015,2033,2020,1990,2000,"2,657"
EBL,12/20/2015,2000,2030,2000,2020,"2,481"
EBL,12/21/2015,2020,2035,2000,2035,"1,872"
EBL,12/22/2015,2035,2080,2045,2070,"3,160"
EBL,12/23/2015,2070,2085,2050,2060,"4,630"
EBL,12/24/2015,2060,2065,2050,2060,"2,683"
EBL,12/27/2015,2060,2060,2041,2055,"4,875"
EBL,12/28/2015,2055,2050,2036,2036,"3,026"
EBL,12/29/2015,2036,2067,2046,2055,"4,082"
EBL,12/31/2015,2055,2090,2050,2051,"3,447"
EBL,1/3/2016,2051,2060,2040,2041,"3,435"
EBL,1/4/2016,2041,2055,2036,2050,"4,501"
EBL,1/5/2016,2050,2048,2030,2035,"3,039"
EBL,1/6/2016,2035,2050,2035,2035,"3,804"
EBL,1/7/2016,2035,2075,2040,2055,"2,482"
EBL,1/10/2016,2055,2070,2055,2061,"5,051"
EBL,1/11/2016,2061,2130,2065,2129,"2,303"
EBL,1/12/2016,2129,2175,2140,2162,"5,642"
EBL,1/12/2016,2129,2175,2140,2162,"5,642"
EBL,1/13/2016,2162,2199,2167,2199,"8,529"
EBL,1/14/2016,2199,2300,2200,2291,"10,242"
EBL,1/17/2016,2291,2400,2336,2390,"10,569"
EBL,1/18/2016,2390,2460,2362,2403,"14,800"
EBL,1/19/2016,2403,2375,2325,2354,"10,408"
EBL,1/20/2016,2354,2368,2330,2340,"6,593"
EBL,1/21/2016,2340,2340,2310,2313,"5,973"
EBL,1/24/2016,2313,2359,2326,2350,"12,279"
EBL,1/25/2016,2350,2397,2350,2355,"3,878"
EBL,1/26/2016,2355,2355,2334,2334,"2,642"
EBL,1/27/2016,2334,2335,2315,2327,"2,998"
EBL,1/28/2016,2327,2315,2297,2315,"4,470"
EBL,1/31/2016,2315,2330,2300,2325,"2,796"
EBL,2/1/2016,2325,2398,2340,2382,"5,816"
EBL,2/2/2016,2382,2382,2340,2357,"4,254"
EBL,2/3/2016,2357,2356,2341,2344,"1,429"
EBL,2/4/2016,2344,2345,2325,2340,"2,836"
EBL,2/7/2016,2340,2395,2356,2380,"11,910"
EBL,2/8/2016,2380,2400,2380,2390,"3,882"
EBL,2/11/2016,2390,2404,2390,2400,"6,156"
EBL,2/14/2016,2400,2380,2352,2375,"5,710"
EBL,2/15/2016,2375,2370,2343,2370,"4,241"
EBL,2/16/2016,2370,2382,2324,2365,"4,986"
EBL,2/17/2016,2365,2380,2330,2372,"1,816"
EBL,2/18/2016,2372,2400,2375,2375,"3,467"
EBL,2/21/2016,2375,2420,2380,2380,"4,496"
EBL,2/22/2016,2380,2510,2379,2500,"11,004"
EBL,2/23/2016,2500,2531,2425,2450,"9,422"
EBL,2/24/2016,2450,2420,2400,2415,"2,729"
EBL,2/25/2016,2415,2460,2400,2450,"5,411"
EBL,2/28/2016,2450,2450,2425,2425,"4,637"
EBL,2/29/2016,2425,2423,2411,2423,"2,033"
EBL,3/1/2016,2423,2451,2405,2451,"4,335"
EBL,3/2/2016,2451,2490,2450,2450,"6,119"
EBL,3/3/2016,2450,2460,2435,2441,"2,327"
EBL,3/6/2016,2441,2455,2420,2440,"2,597"
EBL,3/10/2016,2440,2460,2434,2460,"5,039"
EBL,3/13/2016,2460,2475,2420,2435,"4,642"
EBL,3/14/2016,2435,2431,2420,2425,"3,560"
EBL,3/15/2016,2425,2424,2402,2420,"5,840"
EBL,3/16/2016,2420,2440,2415,2440,"2,678"
EBL,3/17/2016,2440,2475,2430,2475,"4,899"
EBL,3/20/2016,2475,2500,2480,2495,"4,602"
EBL,3/21/2016,2495,2515,2485,2485,"10,409"
EBL,3/23/2016,2485,2580,2499,2575,"12,535"
EBL,3/24/2016,2575,2670,2600,2670,"21,833"
EBL,3/27/2016,2670,2850,2700,2800,"21,907"
EBL,3/28/2016,2800,2850,2742,2785,"12,534"
EBL,3/29/2016,2785,2799,2740,2770,"11,147"
EBL,3/30/2016,2770,2770,2706,2706,"11,844"
EBL,3/31/2016,2706,2710,2690,2705,"9,578"
EBL,4/3/2016,2705,2720,2660,2690,"8,328"
EBL,4/4/2016,2690,2740,2690,2738,"2,409"
EBL,4/5/2016,2738,2800,2720,2795,"3,422"
EBL,4/6/2016,2795,2810,2761,2785,"3,663"
EBL,4/10/2016,2785,2795,2769,2786,"7,995"
EBL,4/11/2016,2786,2800,2740,2799,"3,671"
EBL,4/12/2016,2799,2808,2790,2802,"3,744"
EBL,4/14/2016,2802,2825,2790,2815,"2,980"
EBL,4/17/2016,2815,2890,2820,2851,"7,837"
EBL,4/18/2016,2851,2909,2830,2885,"9,754"
EBL,4/19/2016,2885,2970,2890,2905,"10,722"
EBL,4/20/2016,2905,3000,2900,2920,"70,164"
EBL,4/21/2016,2920,2940,2880,2925,"17,245"
EBL,4/24/2016,2925,2929,2900,2925,"10,330"
EBL,4/25/2016,2925,2915,2901,2915,"9,331"
EBL,4/26/2016,2915,2906,2891,2891,"11,870"
EBL,4/27/2016,2891,2907,2875,2900,"11,118"
EBL,4/28/2016,2900,2950,2900,2900,"12,647"
EBL,5/2/2016,2900,2988,2900,2975,"20,203"
EBL,5/3/2016,2975,2999,2916,2991,"26,582"
EBL,5/4/2016,2991,2997,2933,2979,"12,182"
EBL,5/5/2016,2979,2945,2880,2915,"24,611"
EBL,5/8/2016,2915,2935,2858,2918,"11,315"
EBL,5/9/2016,2918,2930,2900,2928,"12,442"
EBL,5/10/2016,2928,2939,2919,2925,"7,239"
EBL,5/11/2016,2925,2930,2901,2925,"7,659"
EBL,5/12/2016,2925,2915,2900,2901,"6,680"
EBL,5/15/2016,2901,2890,2875,2885,"5,017"
EBL,5/16/2016,2885,2880,2850,2860,"5,063"
EBL,5/17/2016,2860,2875,2852,2870,"9,606"
EBL,5/18/2016,2870,2920,2875,2910,"5,967"
EBL,5/19/2016,2910,2915,2892,2892,"14,385"
EBL,5/22/2016,2892,2915,2900,2906,"13,066"
EBL,5/23/2016,2906,2911,2890,2911,"12,055"
EBL,5/24/2016,2911,3010,2910,2995,"12,202"
EBL,5/25/2016,2995,3005,2900,2930,"16,766"
EBL,5/26/2016,2930,2950,2875,2940,"16,157"
EBL,5/29/2016,2940,2940,2883,2891,"7,467"
EBL,5/30/2016,2891,2900,2852,2885,"5,254"
EBL,5/31/2016,2885,2890,2865,2878,"6,330"
EBL,6/1/2016,2878,2902,2850,2885,"13,908"
EBL,6/2/2016,2885,2900,2860,2879,"4,827"
EBL,6/5/2016,2879,2845,2765,2784,"18,225"
EBL,6/6/2016,2784,2860,2790,2805,"11,744"
EBL,6/7/2016,2805,2876,2800,2845,"5,674"
EBL,6/8/2016,2845,2900,2790,2860,"7,116"
EBL,6/9/2016,2860,2895,2830,2895,"6,427"
EBL,6/12/2016,2895,3180,2897,3060,"36,394"
EBL,6/13/2016,3060,3300,3090,3157,"48,112"
EBL,6/14/2016,3157,3190,3115,3120,"18,210"
EBL,6/15/2016,3120,3160,3082,3090,"10,545"
EBL,6/16/2016,3090,3125,3060,3125,"10,769"
EBL,6/19/2016,3125,3130,3085,3100,"9,731"
EBL,6/20/2016,3100,3100,3075,3075,"9,532"
EBL,6/21/2016,3075,3100,3070,3100,"8,824"
EBL,6/22/2016,3100,3183,3060,3144,"26,271"
EBL,6/23/2016,3144,3350,3140,3260,"20,966"
EBL,6/26/2016,3260,3470,3250,3410,"29,998"
EBL,6/27/2016,3410,3547,3410,3497,"28,593"
EBL,6/28/2016,3497,3500,3400,3432,"18,345"
EBL,6/29/2016,3432,3440,3390,3410,"16,150"
EBL,6/30/2016,3410,3404,3300,3300,"16,300"
EBL,7/3/2016,3300,3350,3300,3320,"18,147"
EBL,7/4/2016,3320,3400,3300,3379,"20,483"
EBL,7/5/2016,3379,3383,3346,3355,"14,713"
EBL,7/6/2016,3355,3468,3300,3400,"21,614"
EBL,7/10/2016,3400,3550,3410,3480,"32,118"
EBL,7/11/2016,3480,3490,3380,3410,"6,485"
EBL,7/12/2016,3410,3440,3301,3395,"20,913"
EBL,7/13/2016,3395,3408,3283,3349,"10,468"
EBL,7/14/2016,3349,3430,3370,3385,"10,674"
EBL,7/17/2016,3385,3450,3375,3400,"10,378"
EBL,7/18/2016,3400,3450,3400,3406,"13,749"
EBL,7/19/2016,3406,3468,3435,3465,"9,713"
EBL,7/20/2016,3465,3480,3400,3405,"6,757"
EBL,7/21/2016,3405,3440,3400,3410,"6,976"
EBL,7/25/2016,3410,3460,3401,3450,"15,487"
EBL,7/26/2016,3450,3585,3430,3450,"15,435"
EBL,7/27/2016,3450,3510,3471,3490,"17,732"
EBL,7/28/2016,3490,3510,3450,3482,"14,915"
EBL,7/31/2016,3482,3483,3445,3450,"10,784"
EBL,8/1/2016,3450,3434,3390,3410,"8,326"
EBL,8/2/2016,3410,3409,3382,3383,"9,838"
EBL,8/3/2016,3383,3383,3310,3370,"4,866"
EBL,8/4/2016,3370,3366,3280,3300,"16,399"
EBL,8/7/2016,3300,3345,3251,3251,"26,557"
EBL,8/8/2016,3251,3339,3125,3125,"9,279"
EBL,8/9/2016,3125,3350,3187,3250,"12,894"
EBL,8/10/2016,3250,3315,3176,3225,"14,898"
EBL,8/11/2016,3225,3250,3206,3248,"7,389"
EBL,8/14/2016,3248,3238,3126,3190,"13,860"
EBL,8/15/2016,3190,3180,3050,3098,"18,180"
EBL,8/16/2016,3098,3159,3052,3115,"13,220"
EBL,8/17/2016,3115,3243,3177,3215,"4,167"
EBL,8/21/2016,3215,3250,3195,3200,"9,996"
EBL,8/22/2016,3200,3175,3117,3135,"6,953"
EBL,8/23/2016,3135,3150,3081,3110,"12,313"
EBL,8/24/2016,3110,3300,3150,3240,"9,665"
EBL,8/28/2016,3240,3380,3236,3298,"14,333"
EBL,8/29/2016,3298,3325,3270,3290,"9,159"
EBL,8/30/2016,3290,3333,3300,3319,"9,259"
EBL,8/31/2016,3319,3395,3319,3380,"6,118"
EBL,9/1/2016,3380,3414,3375,3406,"12,798"
EBL,9/3/2016,3406,3510,3430,3500,"23,527"
EBL,9/4/2016,3406,3510,3430,3500,"23,527"
EBL,9/5/2016,3500,3639,3500,3587,"24,630"
EBL,9/6/2016,3587,3655,3500,3562,"29,535"
EBL,9/7/2016,3562,3540,3480,3500,"20,993"
EBL,9/8/2016,3500,3535,3480,3529,"23,972"
EBL,9/11/2016,3529,3599,3500,3542,"12,588"
EBL,9/12/2016,3542,3542,3500,3531,"11,721"
EBL,9/14/2016,3531,3540,3515,3516,"10,423"
EBL,9/18/2016,3516,3502,3462,3480,"6,427"
EBL,9/20/2016,3480,3510,3395,3400,"8,919"
EBL,9/21/2016,3400,3405,3348,3380,"8,355"
EBL,9/22/2016,3380,3400,3350,3360,"10,922"
EBL,9/25/2016,3360,3490,3350,3450,"34,094"
EBL,9/26/2016,3450,3599,3460,3599,"63,817"
EBL,9/27/2016,3599,3700,3542,3595,"32,067"
EBL,9/28/2016,3595,3601,3536,3551,"8,891"
EBL,9/29/2016,3551,3574,3505,3540,"10,709"
EBL,10/2/2016,3540,3600,3530,3535,"11,942"
EBL,10/3/2016,3535,3610,3552,3585,"18,674"
EBL,10/4/2016,3585,3640,3540,3640,"26,741"
EBL,10/5/2016,3640,3750,3642,3750,"28,172"
EBL,10/6/2016,3750,3824,3700,3721,"17,078"
EBL,10/16/2016,3721,3750,3650,3666,"6,479"
EBL,10/17/2016,3666,3700,3621,3649,"6,978"
EBL,10/18/2016,3649,3660,3600,3640,"6,897"
EBL,10/19/2016,3640,3650,3611,3629,"4,630"
EBL,10/20/2016,3629,3718,3630,3689,"17,133"
EBL,10/23/2016,3689,3718,3666,3679,"14,551"
EBL,10/24/2016,3679,3680,3596,3601,"21,299"
EBL,10/25/2016,3601,3648,3546,3550,"14,256"
EBL,10/26/2016,3550,3600,3505,3556,"10,118"
EBL,10/27/2016,3556,3600,3550,3573,"5,858"
EBL,11/3/2016,3573,3665,3530,3665,"9,483"
EBL,11/7/2016,3665,3698,3626,3650,"12,995"
EBL,11/8/2016,3650,3650,3562,3565,"5,245"
EBL,11/9/2016,3565,3595,3456,3550,"10,521"
EBL,11/10/2016,3550,3650,3500,3544,"10,249"
EBL,11/13/2016,3544,3665,3522,3650,"56,342"
EBL,11/14/2016,3650,3797,3674,3690,"33,381"
EBL,11/15/2016,3690,3725,3695,3706,"46,810"
EBL,11/16/2016,3706,3900,3706,3795,"102,479"
EBL,11/17/2016,3795,3920,3622,3629,"139,771"
EBL,11/20/2016,3629,3630,3381,3510,"53,221"
EBL,11/21/2016,3510,3570,3470,3523,"36,457"
EBL,11/22/2016,3523,3515,3400,3460,"26,354"
EBL,11/23/2016,3460,3470,3340,3340,"52,025"
EBL,11/24/2016,3340,3450,3230,3285,"39,182"
EBL,11/27/2016,3285,3350,3090,3155,"35,330"
EBL,11/28/2016,3155,3249,2985,3215,"52,678"
EBL,11/29/2016,3215,3275,3050,3230,"47,939"
EBL,11/30/2016,3230,3320,3215,3299,"61,472"
EBL,12/1/2016,3299,3364,3270,3270,"28,521"
EBL,12/4/2016,3270,3335,3240,3275,"17,354"
EBL,12/5/2016,3275,3300,3235,3235,"13,458"
EBL,12/6/2016,3235,3265,3220,3249,"14,036"
EBL,12/7/2016,3249,3260,3238,3248,"11,330"
EBL,12/8/2016,3248,3260,3230,3249,"11,310"
EBL,12/11/2016,3249,3260,3210,3212,"9,818"
EBL,12/12/2016,3212,3220,3148,3160,"31,127"
EBL,12/14/2016,3160,3250,3161,3230,"30,050"
EBL,12/15/2016,3230,3299,3220,3283,"25,459"
EBL,12/18/2016,3283,3299,3280,3299,"46,640"
EBL,12/19/2016,3299,3310,3266,3271,"50,053"
EBL,12/20/2016,3271,3268,3182,3190,"90,630"
EBL,12/21/2016,1876,1840,1770,1800,"21,562"
EBL,12/22/2016,1800,1810,1780,1810,"10,387"
EBL,12/26/2016,1810,1806,1692,1700,"20,191"
EBL,12/27/2016,1700,1699,1640,1655,"14,804"
EBL,12/28/2016,1655,1690,1645,1672,"13,808"
EBL,12/29/2016,1672,1750,1685,1710,"14,961"
EBL,1/1/2017,1710,1820,1740,1805,"15,605"
EBL,1/2/2017,1805,1849,1807,1849,"16,816"
EBL,1/3/2017,1849,1850,1800,1825,"15,101"
EBL,1/4/2017,1825,1820,1800,1800,"10,676"
EBL,1/5/2017,1800,1840,1810,1825,"8,780"
EBL,1/8/2017,1825,1835,1820,1835,"8,118"
EBL,1/9/2017,1835,1860,1830,1850,"4,900"
EBL,1/10/2017,1850,1937,1852,1919,"5,559"
EBL,1/11/2017,1919,1957,1925,1925,"12,013"
EBL,1/12/2017,1925,1950,1925,1925,"5,513"
EBL,1/15/2017,1925,1939,1920,1939,"3,244"
EBL,1/16/2017,1939,1944,1915,1915,"3,338"
EBL,1/17/2017,1915,1905,1887,1900,"3,601"
EBL,1/18/2017,1900,1900,1880,1896,"1,478"
EBL,1/19/2017,1896,1910,1891,1894,"4,481"
EBL,1/22/2017,1894,1900,1880,1900,"2,075"
EBL,1/23/2017,1900,1900,1870,1885,"4,996"
EBL,1/24/2017,1885,1870,1840,1840,"3,692"
EBL,1/25/2017,1840,1820,1720,1780,"5,827"
EBL,1/26/2017,1780,1780,1695,1740,"9,888"
EBL,1/30/2017,1740,1730,1651,1685,"9,403"
EBL,1/31/2017,1685,1780,1661,1715,"6,676"
EBL,2/1/2017,1715,1800,1749,1770,"7,105"
EBL,2/2/2017,1770,1820,1760,1763,"7,053"
EBL,2/5/2017,1763,1763,1700,1750,"1,854"
EBL,2/6/2017,1750,1765,1745,1745,"3,036"
EBL,2/7/2017,1745,1750,1725,1725,"7,305"
EBL,2/8/2017,1725,1730,1686,1698,"11,861"
EBL,2/9/2017,1698,1699,1665,1665,"9,545"
EBL,2/12/2017,1665,1660,1600,1615,"8,855"
EBL,2/13/2017,1615,1650,1566,1641,"8,331"
EBL,2/14/2017,1641,1670,1610,1655,"6,617"
EBL,2/15/2017,1655,1709,1650,1707,"7,379"
EBL,2/16/2017,1707,1760,1700,1726,"9,877"
EBL,2/19/2017,1726,1750,1706,1745,"6,419"
EBL,2/20/2017,1745,1805,1740,1763,"8,380"
EBL,2/21/2017,1763,1820,1735,1740,"5,584"
EBL,2/22/2017,1740,1765,1706,1719,"2,555"
EBL,2/23/2017,1719,1730,1685,1710,"6,856"
EBL,2/26/2017,1710,1730,1696,1710,"6,117"
EBL,2/28/2017,1710,1700,1680,1681,"6,173"
EBL,3/1/2017,1681,1746,1700,1700,"3,305"
EBL,3/2/2017,1700,1720,1700,1714,"3,316"
EBL,3/5/2017,1714,1751,1725,1740,"3,347"
EBL,3/6/2017,1740,1758,1739,1742,"3,999"
EBL,3/7/2017,1742,1730,1709,1727,"2,926"
EBL,3/9/2017,1727,1735,1730,1730,"2,681"
EBL,3/13/2017,1730,1740,1730,1740,"2,385"
EBL,3/14/2017,1740,1740,1715,1716,"3,337"
EBL,3/15/2017,1716,1730,1700,1723,"3,733"
EBL,3/16/2017,1723,1735,1715,1715,"2,636"
EBL,3/19/2017,1715,1730,1710,1723,"5,127"
EBL,3/20/2017,1723,1760,1745,1758,"5,197"
EBL,3/21/2017,1758,1809,1750,1800,"7,666"
EBL,3/22/2017,1800,1890,1815,1835,"12,493"
EBL,3/23/2017,1835,1850,1810,1850,"8,004"
EBL,3/26/2017,1850,1892,1835,1876,"17,283"
EBL,3/28/2017,1876,1989,1900,1989,"9,601"
EBL,3/29/2017,1989,2030,1950,1960,"22,767"
EBL,3/30/2017,1960,1999,1900,1945,"9,238"
EBL,4/2/2017,1945,2014,1950,2014,"9,308"
EBL,4/3/2017,2014,2140,1990,2000,"15,591"
EBL,4/4/2017,2000,2010,1940,1994,"13,813"
EBL,4/6/2017,1994,2010,1975,2000,"18,388"
EBL,4/9/2017,2000,2060,1990,2045,"20,148"
EBL,4/10/2017,2045,2100,2030,2075,"16,618"
EBL,4/11/2017,2075,2142,2085,2100,"17,207"
EBL,4/12/2017,2100,2140,2080,2082,"19,474"
EBL,4/13/2017,2082,2100,2000,2080,"7,507"
EBL,4/16/2017,2080,2100,2030,2049,"6,466"
EBL,4/18/2017,2049,2009,1845,1845,"38,872"
EBL,4/19/2017,1845,1950,1781,1925,"15,738"
EBL,4/20/2017,1925,1960,1853,1871,"15,995"
EBL,4/23/2017,1871,1950,1892,1910,"13,822"
EBL,4/24/2017,1910,1948,1881,1890,"5,702"
EBL,4/25/2017,1890,1900,1843,1880,"3,552"
EBL,4/26/2017,1880,1880,1869,1869,"3,451"
EBL,4/27/2017,1869,1885,1851,1885,"8,111"
EBL,4/30/2017,1885,1899,1848,1851,"2,862"
EBL,5/2/2017,1851,1865,1819,1860,"5,178"
EBL,5/3/2017,1860,1886,1790,1801,"16,393"
EBL,5/4/2017,1801,1890,1820,1843,"11,922"
EBL,5/7/2017,1843,1841,1811,1820,"7,045"
EBL,5/8/2017,1820,1826,1806,1812,"4,127"
EBL,5/9/2017,1812,1829,1810,1820,"2,569"
EBL,5/11/2017,1820,1823,1797,1803,"8,093"
EBL,5/15/2017,1803,1810,1786,1790,"10,873"
EBL,5/16/2017,1790,1800,1766,1770,"7,073"
EBL,5/17/2017,1770,1800,1758,1760,"6,310"
EBL,5/18/2017,1760,1765,1746,1750,"8,446"
EBL,5/21/2017,1750,1775,1710,1715,"7,858"
EBL,5/22/2017,1715,1700,1666,1677,"7,425"
EBL,5/23/2017,1677,1700,1675,1690,"13,086"
EBL,5/24/2017,1690,1700,1665,1698,"7,987"
EBL,5/28/2017,1698,1700,1670,1679,"8,035"
EBL,5/30/2017,1679,1680,1651,1665,"9,628"
EBL,5/31/2017,1665,1700,1650,1690,"8,459"
EBL,6/1/2017,1690,1710,1678,1681,"7,565"
EBL,6/4/2017,1681,1682,1675,1682,"4,930"
EBL,6/5/2017,1682,1696,1685,1689,"5,874"
EBL,6/6/2017,1689,1760,1693,1760,"8,619"
EBL,6/7/2017,1760,1800,1740,1740,"10,385"
EBL,6/8/2017,1740,1748,1700,1739,"9,122"
EBL,6/11/2017,1739,1712,1680,1690,"11,907"
EBL,6/12/2017,1690,1689,1660,1684,"9,164"
EBL,6/13/2017,1684,1747,1680,1720,"27,508"
EBL,6/14/2017,1720,1755,1735,1740,"30,055"
EBL,6/15/2017,1740,1750,1720,1724,"35,929"
EBL,6/18/2017,1724,1726,1690,1695,"40,182"
EBL,6/19/2017,1695,1710,1660,1665,"35,462"
EBL,6/20/2017,1665,1697,1632,1665,"54,285"
EBL,6/21/2017,1274,1330,1270,1318,"31,422"
EBL,6/22/2017,1318,1390,1330,1380,"30,402"
EBL,6/25/2017,1380,1426,1391,1415,"34,408"
EBL,6/27/2017,1415,1426,1400,1400,"17,064"
EBL,6/28/2017,1400,1392,1365,1365,"7,852"
EBL,7/2/2017,1365,1370,1322,1323,"12,601"
EBL,7/3/2017,1323,1355,1330,1348,"6,786"
EBL,7/4/2017,1348,1365,1350,1355,"6,812"
EBL,7/5/2017,1355,1361,1335,1350,"7,801"
EBL,7/6/2017,1350,1366,1350,1355,"8,990"
EBL,7/9/2017,1355,1400,1356,1362,"10,674"
EBL,7/10/2017,1362,1369,1350,1355,"6,277"
EBL,7/11/2017,1355,1365,1356,1356,"8,918"
EBL,7/12/2017,1356,1360,1350,1358,"5,915"
EBL,7/13/2017,1358,1358,1350,1353,"8,748"
EBL,7/16/2017,1353,1375,1356,1368,"4,432"
EBL,7/17/2017,1368,1367,1360,1363,"6,497"
EBL,7/18/2017,1363,1385,1367,1375,"8,420"
EBL,7/19/2017,1375,1400,1377,1393,"15,048"
EBL,7/20/2017,1393,1404,1393,1395,"8,936"
EBL,7/23/2017,1395,1400,1383,1386,"7,292"
EBL,7/24/2017,1386,1396,1359,1380,"6,786"
EBL,7/25/2017,1380,1395,1355,1377,"5,433"
EBL,7/26/2017,1377,1376,1360,1365,"5,914"
EBL,7/27/2017,1365,1376,1361,1371,"5,911"
EBL,7/30/2017,1371,1380,1360,1375,"5,863"
EBL,7/31/2017,1375,1400,1375,1385,"8,396"
EBL,8/1/2017,1385,1398,1392,1396,"10,213"
EBL,8/2/2017,1396,1408,1396,1401,"17,364"
EBL,8/3/2017,1401,1411,1402,1405,"9,458"
EBL,8/6/2017,1405,1429,1405,1420,"14,094"
EBL,8/7/2017,1420,1430,1408,1415,"13,195"
EBL,8/9/2017,1415,1417,1403,1405,"11,217"
EBL,8/10/2017,1405,1415,1390,1401,"16,438"
EBL,8/13/2017,1401,1410,1398,1398,"9,548"
EBL,8/15/2017,1398,1395,1375,1376,"5,099"
EBL,8/16/2017,1376,1400,1365,1367,"4,881"
EBL,8/17/2017,1367,1375,1367,1374,"3,024"
EBL,8/20/2017,1374,1370,1334,1340,"9,838"
EBL,8/21/2017,1340,1340,1321,1339,"4,343"
EBL,8/22/2017,1339,1339,1300,1315,"12,027"
EBL,8/23/2017,1315,1350,1315,1315,"5,849"
EBL,8/24/2017,1315,1325,1311,1325,"3,861"
EBL,8/27/2017,1325,1325,1315,1318,"10,484"
EBL,8/28/2017,1318,1322,1301,1307,"9,266"
EBL,8/30/2017,1307,1320,1295,1304,"11,313"
EBL,8/31/2017,1304,1301,1288,1299,"7,943"
EBL,9/4/2017,1299,1300,1260,1266,"10,524"
EBL,9/6/2017,1266,1298,1260,1270,"6,634"
EBL,9/7/2017,1270,1280,1265,1272,"5,509"
EBL,9/10/2017,1272,1260,1225,1225,"7,963"
EBL,9/11/2017,1225,1240,1219,1225,"4,931"
EBL,9/12/2017,1225,1227,1205,1210,"5,711"
EBL,9/13/2017,1210,1210,1170,1190,"10,841"
EBL,9/14/2017,1190,1241,1190,1240,"7,278"
EBL,9/17/2017,1240,1299,1260,1272,"11,685"
EBL,9/18/2017,1272,1291,1228,1232,"22,228"
EBL,9/20/2017,1232,1220,1191,1207,"22,886"
EBL,9/24/2017,1207,1219,1200,1205,"7,959"
EBL,9/25/2017,1205,1220,1207,1220,"6,754"
EBL,9/26/2017,1220,1235,1220,1225,"5,330"
EBL,10/3/2017,1225,1240,1225,1240,185
EBL,10/4/2017,1240,1260,1215,1228,"4,780"
EBL,10/8/2017,1228,1220,1180,1204,"5,691"
EBL,10/9/2017,1204,1206,1180,1196,"7,219"
EBL,10/10/2017,1196,1205,1190,1199,"10,473"
EBL,10/11/2017,1199,1216,1198,1198,"7,058"
EBL,10/12/2017,1198,1215,1200,1210,"4,484"
EBL,10/15/2017,1210,1210,1195,1210,"2,976"
EBL,10/16/2017,1210,1245,1215,1240,"4,227"
EBL,10/17/2017,1240,1247,1231,1243,"6,138"
EBL,10/18/2017,1243,1245,1238,1241,"5,251"
EBL,10/22/2017,1241,1265,1245,1245,"2,343"
EBL,10/23/2017,1245,1248,1240,1241,"4,095"
EBL,10/24/2017,1241,1246,1226,1238,"3,647"
EBL,10/25/2017,1238,1235,1215,1221,"6,244"
EBL,10/29/2017,1221,1245,1190,1206,"5,153"
EBL,10/30/2017,1206,1212,1195,1208,"6,961"
EBL,10/31/2017,1208,1231,1191,1200,"6,353"
EBL,11/1/2017,1200,1200,1177,1195,"5,515"
EBL,11/2/2017,1195,1200,1185,1190,"5,787"
EBL,11/5/2017,1190,1185,1150,1157,"13,157"
EBL,11/6/2017,1157,1180,1135,1165,"9,961"
EBL,11/7/2017,1165,1175,1150,1151,"9,667"
EBL,11/8/2017,1151,1148,1130,1135,"7,943"
EBL,11/9/2017,1135,1120,1105,1105,"28,790"
EBL,11/12/2017,1105,1120,1097,1118,"7,883"
EBL,11/13/2017,1118,1140,1105,1123,"17,504"
EBL,11/14/2017,1123,1150,1122,1140,"16,191"
EBL,11/15/2017,1140,1145,1125,1128,"11,738"
EBL,11/16/2017,1128,1128,1105,1116,"20,024"
EBL,11/19/2017,1116,1180,1138,1148,"66,387"
EBL,11/20/2017,1148,1155,1143,1145,"23,361"
EBL,11/21/2017,1145,1160,1146,1155,"22,380"
EBL,11/22/2017,1155,1170,1155,1165,"17,057"
EBL,11/23/2017,1165,1179,1168,1179,"16,501"
EBL,11/26/2017,1179,1200,1177,1195,"20,075"
EBL,11/27/2017,1195,1200,1190,1195,"17,294"
EBL,11/28/2017,1195,1200,1193,1200,"7,806"
EBL,11/29/2017,1200,1211,1200,1210,"13,793"
EBL,11/30/2017,1210,1234,1200,1207,"11,548"
EBL,12/4/2017,1207,1209,1195,1200,"13,307"
EBL,12/5/2017,1200,1198,1190,1190,"10,825"
EBL,12/6/2017,1190,1207,1194,1195,"15,965"
EBL,12/10/2017,1195,1218,1187,1187,"10,272"
EBL,12/11/2017,1187,1200,1179,1186,"14,166"
EBL,12/12/2017,1186,1194,1170,1175,"13,706"
EBL,12/13/2017,1175,1190,1169,1188,"10,982"
EBL,12/14/2017,1188,1194,1184,1184,"6,563"
EBL,12/17/2017,1184,1188,1165,1166,"13,697"
EBL,12/18/2017,1166,1170,1153,1155,"18,216"
EBL,12/19/2017,1155,1159,1136,1140,"17,497"
EBL,12/20/2017,1140,1150,1121,1135,"17,818"
EBL,12/21/2017,1135,1135,1119,1128,"16,966"
EBL,12/24/2017,1128,1140,1128,1129,"18,077"
EBL,12/26/2017,1129,1130,1105,1107,"18,844"
EBL,12/27/2017,1107,1116,1079,1085,"66,472"
EBL,12/28/2017,816,810,788,798,"30,229"
EBL,12/31/2017,798,799,790,798,"11,109"
EBL,1/1/2018,798,835,800,835,"17,773"
EBL,1/2/2018,835,895,845,861,"31,454"
EBL,1/3/2018,861,878,852,856,"19,211"
EBL,1/4/2018,856,872,851,872,"10,995"
EBL,1/7/2018,872,883,870,875,"22,352"
EBL,1/8/2018,875,895,885,892,"19,212"
EBL,1/9/2018,892,934,899,934,"24,260"
EBL,1/10/2018,934,950,917,922,"23,008"
EBL,1/14/2018,922,920,906,907,"10,305"
EBL,1/16/2018,907,907,885,893,"10,127"
EBL,1/17/2018,893,890,872,883,"7,133"
EBL,1/21/2018,883,894,880,883,"10,307"
EBL,1/22/2018,883,890,876,876,"7,441"
EBL,1/23/2018,876,880,871,872,"5,043"
EBL,1/24/2018,872,872,865,867,"3,635"
EBL,1/25/2018,867,872,862,867,"8,352"
EBL,1/28/2018,867,879,866,873,"7,520"
EBL,1/29/2018,873,878,860,865,"9,402"
EBL,1/31/2018,865,868,860,862,"7,448"
EBL,2/1/2018,862,865,855,863,"13,391"
EBL,2/4/2018,863,875,857,861,"11,593"
EBL,2/5/2018,861,865,854,854,"6,823"
EBL,2/6/2018,854,853,844,845,"10,160"
EBL,2/7/2018,845,854,840,840,"7,983"
EBL,2/8/2018,840,845,838,840,"9,080"
EBL,2/11/2018,840,845,840,842,"7,963"
EBL,2/12/2018,842,844,837,840,"10,560"
EBL,2/14/2018,840,844,837,841,"6,540"
EBL,2/15/2018,841,865,840,860,"19,376"
EBL,2/18/2018,877,894,858,860,"23,017"
EBL,2/20/2018,861,861,845,851,"6,336"
EBL,2/21/2018,851,851,837,841,"6,835"
EBL,2/22/2018,849,849,833,835,"15,944"
EBL,2/25/2018,835,835,825,825,"6,688"
EBL,2/26/2018,835,835,811,817,"10,719"
EBL,2/27/2018,817,825,813,820,"9,851"
EBL,2/28/2018,820,820,800,803,"15,549"
EBL,3/4/2018,789,790,760,770,"21,092"
EBL,3/5/2018,773,785,762,770,"13,393"
EBL,3/6/2018,771,790,750,765,"16,541"
EBL,3/7/2018,773,785,773,780,"11,376"
EBL,3/11/2018,780,780,759,760,"15,425"
EBL,3/12/2018,770,770,741,741,"20,267"
EBL,3/13/2018,745,753,735,735,"15,304"
EBL,3/14/2018,745,755,735,745,"11,898"
EBL,3/15/2018,746,754,731,731,"11,145"
EBL,3/18/2018,735,748,719,737,"12,631"
EBL,3/19/2018,743,743,722,726,"8,964"
EBL,3/20/2018,726,726,710,710,"13,049"
EBL,3/21/2018,710,714,690,693,"20,878"
EBL,3/22/2018,690,705,675,685,"17,464"
EBL,3/26/2018,673,685,650,665,"18,295"
EBL,3/27/2018,660,728,652,715,"16,465"
EBL,3/28/2018,716,743,701,727,"28,643"
EBL,3/29/2018,730,744,730,740,"17,611"
EBL,4/1/2018,742,742,710,727,"10,320"
EBL,4/2/2018,730,730,721,725,"8,258"
EBL,4/3/2018,720,727,720,725,"10,006"
EBL,4/4/2018,728,745,727,740,"9,887"
EBL,4/5/2018,745,763,745,763,"17,683"
EBL,4/8/2018,778,808,772,807,"30,563"
EBL,4/9/2018,820,838,810,814,"23,809"
EBL,4/10/2018,805,820,790,800,"9,072"
EBL,4/11/2018,804,804,786,800,"6,119"
EBL,4/12/2018,816,816,795,797,"13,365"
EBL,4/15/2018,805,805,785,798,"5,928"
EBL,4/16/2018,783,809,783,800,"5,610"
EBL,4/17/2018,805,809,796,804,"11,512"
EBL,4/18/2018,805,870,800,819,"13,786"
EBL,4/19/2018,835,838,820,832,"20,366"
EBL,4/22/2018,848,865,840,857,"26,389"
EBL,4/23/2018,874,900,845,860,"21,755"
EBL,4/24/2018,860,860,840,840,"8,635"
EBL,4/25/2018,835,835,815,825,"12,187"
EBL,4/26/2018,815,830,798,798,"17,296"
EBL,4/29/2018,795,805,783,795,"8,912"
EBL,5/2/2018,785,796,775,789,"15,908"
EBL,5/3/2018,795,809,790,794,"10,890"
EBL,5/6/2018,795,795,785,785,"7,682"
EBL,5/7/2018,781,781,770,776,"10,821"
EBL,5/8/2018,775,790,770,789,"7,674"
EBL,5/9/2018,789,789,766,782,"7,611"
EBL,5/10/2018,778,782,772,773,"7,205"
EBL,5/14/2018,775,775,764,764,"9,480"
EBL,5/15/2018,760,760,752,756,"5,082"
EBL,5/16/2018,753,755,748,750,"9,741"
EBL,5/17/2018,751,753,745,746,"8,868"
EBL,5/20/2018,755,755,740,742,"9,903"
EBL,5/21/2018,746,750,729,733,"10,451"
EBL,5/22/2018,740,740,728,728,"9,683"
EBL,5/23/2018,730,735,720,728,"7,550"
EBL,5/24/2018,730,734,722,725,"10,633"
EBL,5/27/2018,725,725,700,708,"19,118"
EBL,5/28/2018,705,735,702,731,"8,205"
EBL,5/29/2018,736,741,723,736,"20,797"
EBL,5/30/2018,730,750,729,732,"6,601"
EBL,5/31/2018,730,735,720,726,"8,567"
EBL,6/3/2018,726,726,707,708,"7,789"
EBL,6/4/2018,715,715,700,701,"14,232"
EBL,6/6/2018,711,727,707,710,"4,996"
EBL,6/7/2018,710,711,696,697,"10,833"
EBL,6/10/2018,691,700,680,685,"26,750"
EBL,6/11/2018,685,700,671,686,"16,457"
EBL,6/12/2018,680,689,680,682,"8,557"
EBL,6/13/2018,682,687,681,687,"7,507"
EBL,6/14/2018,699,700,685,686,"3,794"
EBL,6/17/2018,681,689,676,679,"9,962"
EBL,6/18/2018,679,680,667,676,"5,245"
EBL,6/19/2018,687,687,670,672,"8,253"
EBL,6/20/2018,675,675,665,670,"6,266"
EBL,6/21/2018,670,679,660,675,"7,087"
EBL,6/24/2018,685,685,670,675,"9,584"
EBL,6/25/2018,675,675,666,670,"4,035"
EBL,6/26/2018,666,671,660,660,"6,194"
EBL,6/27/2018,660,670,655,669,"9,631"
EBL,6/28/2018,670,673,660,665,"9,563"
EBL,7/1/2018,665,665,653,656,"5,046"
EBL,7/2/2018,650,670,640,655,"12,793"
EBL,7/3/2018,647,650,640,650,"12,155"
EBL,7/4/2018,642,652,638,649,"7,194"
EBL,7/5/2018,649,672,649,672,"8,945"
EBL,7/8/2018,684,697,678,678,"9,306"
EBL,7/9/2018,677,684,664,668,"5,857"
EBL,7/10/2018,668,680,663,665,"7,931"
EBL,7/11/2018,666,678,666,667,"7,899"
EBL,7/12/2018,668,670,657,660,"6,363"
EBL,7/15/2018,660,661,652,661,"8,158"
EBL,7/16/2018,660,670,660,663,"4,933"
EBL,7/17/2018,660,673,660,667,"4,614"
EBL,7/18/2018,670,670,662,665,"4,975"
EBL,7/19/2018,667,672,664,672,"3,040"
EBL,7/22/2018,670,671,662,667,"4,077"
EBL,7/23/2018,670,671,662,666,"4,310"
EBL,7/24/2018,666,678,666,670,"8,708"
EBL,7/25/2018,670,671,666,670,"5,317"
EBL,7/26/2018,668,675,661,662,"3,959"
EBL,7/29/2018,665,672,665,672,"7,319"
EBL,7/30/2018,675,675,664,665,"9,157"
EBL,7/31/2018,666,668,661,667,"3,081"
EBL,8/1/2018,665,669,665,669,"5,745"
EBL,8/2/2018,667,670,665,665,"5,867"
EBL,8/5/2018,670,670,663,663,"11,273"
EBL,8/6/2018,664,668,664,665,"6,285"
EBL,8/7/2018,666,667,665,666,"6,420"
EBL,8/8/2018,665,668,664,664,"8,962"
EBL,8/9/2018,665,665,661,662,"2,933"
EBL,8/12/2018,655,658,648,650,"7,270"
EBL,8/13/2018,650,651,641,650,"10,140"
EBL,8/14/2018,655,655,646,650,"7,244"
EBL,8/15/2018,655,663,649,662,"10,742"
EBL,8/16/2018,665,666,659,663,"14,501"
EBL,8/19/2018,675,675,665,667,"14,480"
EBL,8/20/2018,667,667,660,665,"4,619"
EBL,8/21/2018,662,662,650,654,"6,286"
EBL,8/22/2018,654,665,654,658,"2,365"
EBL,8/23/2018,664,664,652,658,"5,927"
EBL,8/26/2018,653,660,653,655,"5,199"
EBL,8/28/2018,660,665,655,660,"6,193"
EBL,8/29/2018,658,658,648,654,"6,519"
EBL,8/30/2018,655,661,642,658,"4,376"
EBL,9/2/2018,658,662,654,658,"8,901"
EBL,9/3/2018,658,664,648,663,"11,270"
EBL,9/4/2018,662,663,652,657,"7,982"
EBL,9/5/2018,660,673,656,665,"12,375"
EBL,9/6/2018,676,676,657,660,"12,757"
EBL,9/9/2018,660,673,652,673,"6,597"
EBL,9/10/2018,673,673,657,660,"7,365"
EBL,9/11/2018,661,663,660,662,"4,300"
EBL,9/12/2018,661,663,658,660,"3,616"
EBL,9/13/2018,659,662,652,653,"15,051"
EBL,9/16/2018,660,668,655,660,"10,262"
EBL,9/17/2018,660,665,658,660,"8,921"
EBL,9/18/2018,660,665,659,660,"4,712"
EBL,9/20/2018,660,660,651,651,"9,109"
EBL,9/23/2018,654,658,642,651,"20,910"
EBL,9/25/2018,663,670,652,654,"29,564"
EBL,9/26/2018,657,657,643,650,"21,532"
EBL,9/27/2018,650,655,644,644,"23,668"
EBL,9/30/2018,643,655,640,640,"9,309"
EBL,10/1/2018,645,648,630,635,"13,571"
EBL,10/2/2018,635,644,630,638,"11,862"
EBL,10/3/2018,633,640,630,635,"10,980"
EBL,10/4/2018,635,641,630,631,"12,866"
EBL,10/7/2018,630,632,623,623,"9,788"
EBL,10/8/2018,624,628,620,625,"11,391"
EBL,10/9/2018,627,627,621,621,"10,421"
EBL,10/10/2018,632,632,619,624,"8,167"
EBL,10/11/2018,624,634,624,631,"1,648"
EBL,10/14/2018,642,642,630,634,"2,889"
EBL,10/15/2018,635,645,635,639,"6,481"
EBL,10/21/2018,640,644,640,641,918
EBL,10/22/2018,650,650,637,637,"4,236"
EBL,10/23/2018,644,644,635,636,"1,639"
EBL,10/24/2018,635,637,630,637,"4,501"
EBL,10/25/2018,638,640,637,637,"4,091"
EBL,10/28/2018,630,640,627,633,"4,138"
EBL,10/29/2018,627,635,624,625,"5,101"
EBL,10/30/2018,627,628,623,627,"7,954"
EBL,10/31/2018,635,635,620,620,"6,885"
EBL,11/1/2018,617,625,617,625,"7,275"
EBL,11/4/2018,613,613,587,591,"42,925"
EBL,11/5/2018,591,596,590,595,"9,948"
EBL,11/6/2018,595,602,591,597,"1,045"
EBL,11/11/2018,597,599,580,585,"7,069"
EBL,11/12/2018,584,590,581,585,"6,510"
EBL,11/13/2018,594,595,585,593,"6,226"
EBL,11/14/2018,588,595,588,593,"7,189"
EBL,11/15/2018,596,596,580,580,"9,417"
EBL,11/18/2018,581,581,573,575,"5,274"
EBL,11/19/2018,564,575,564,571,"6,522"
EBL,11/20/2018,570,571,555,556,"8,242"
EBL,11/21/2018,556,556,549,551,"15,079"
EBL,11/22/2018,554,554,545,545,"5,879"
EBL,11/25/2018,544,544,531,535,"14,020"
EBL,11/26/2018,531,538,531,538,"19,514"
EBL,11/27/2018,540,541,537,539,"4,234"
EBL,11/28/2018,532,542,532,534,"8,425"
EBL,11/29/2018,535,536,528,530,"9,598"
EBL,12/2/2018,527,527,520,526,"10,495"
EBL,12/3/2018,524,530,520,520,"9,469"
EBL,12/4/2018,520,530,520,530,"6,316"
EBL,12/5/2018,530,530,520,523,"6,903"
EBL,12/6/2018,523,525,515,524,"8,027"
EBL,12/9/2018,530,536,525,534,"6,918"
EBL,12/10/2018,537,545,533,533,"10,155"
EBL,12/11/2018,535,543,535,541,"17,169"
EBL,12/12/2018,531,532,517,528,"6,139"
EBL,12/13/2018,530,532,518,526,"7,471"
EBL,12/16/2018,535,544,535,536,"7,748"
EBL,12/17/2018,545,553,539,540,"6,440"
EBL,12/18/2018,544,544,530,536,"5,752"
EBL,12/19/2018,531,539,528,536,"5,701"
EBL,12/20/2018,546,546,531,531,"5,302"
EBL,12/23/2018,541,551,535,544,"13,958"
EBL,12/24/2018,544,545,536,540,"8,169"
EBL,12/25/2018,549,549,535,540,"3,165"
EBL,12/26/2018,540,549,540,548,"20,668"
EBL,12/27/2018,550,562,549,550,"24,019"
EBL,12/30/2018,550,559,546,548,"7,456"
EBL,12/31/2018,550,552,538,540,"4,479"
EBL,1/1/2019,545,548,536,538,"5,264"
EBL,1/2/2019,548,548,538,540,"4,507"
EBL,1/3/2019,545,545,535,535,"2,919"
EBL,1/6/2019,540,540,530,532,"6,675"
EBL,1/7/2019,535,540,528,532,"9,134"
EBL,1/8/2019,533,534,530,531,"11,066"
EBL,1/9/2019,535,535,531,532,"8,224"
EBL,1/10/2019,535,537,532,536,"5,665"
EBL,1/13/2019,532,535,531,531,"6,412"
EBL,1/14/2019,535,535,532,534,"5,086"
EBL,1/15/2019,541,541,533,534,"7,057"
EBL,1/16/2019,536,538,532,533,"6,112"
EBL,1/17/2019,535,535,528,530,"7,974"
EBL,1/20/2019,535,535,527,530,"4,082"
EBL,1/21/2019,530,530,520,530,"7,886"
EBL,1/22/2019,535,535,529,530,"2,888"
EBL,1/23/2019,523,532,522,528,"13,607"
EBL,1/24/2019,535,535,525,527,"8,744"
EBL,1/27/2019,523,526,522,522,"8,632"
EBL,1/28/2019,525,534,523,527,"1,234"
EBL,1/29/2019,528,530,521,522,"3,928"
EBL,1/30/2019,528,528,523,525,"3,558"
EBL,1/31/2019,525,528,524,524,"4,278"
EBL,2/3/2019,524,524,520,523,"16,686"
EBL,2/4/2019,526,526,517,517,"10,619"
EBL,2/5/2019,520,520,516,518,"4,625"
EBL,2/6/2019,520,520,517,517,"5,273"
EBL,2/7/2019,516,520,512,518,"2,279"
EBL,2/10/2019,515,520,512,516,"2,695"
EBL,2/11/2019,509,517,509,516,"4,275"
EBL,2/12/2019,512,517,508,513,"4,310"
EBL,2/13/2019,515,515,508,510,"9,605"
EBL,2/14/2019,513,513,504,505,"7,955"
EBL,2/17/2019,501,512,501,504,"8,295"
EBL,2/18/2019,508,508,503,504,"6,013"
EBL,2/19/2019,503,515,503,515,"8,474"
EBL,2/20/2019,525,525,505,508,"3,493"
EBL,2/21/2019,507,511,503,508,"3,521"
EBL,2/24/2019,510,511,505,506,"3,721"
EBL,2/25/2019,505,510,505,510,"3,948"
EBL,2/26/2019,510,510,505,507,"3,546"
EBL,2/27/2019,510,512,507,507,"3,756"
EBL,3/3/2019,510,513,506,510,"8,267"
EBL,3/5/2019,510,510,506,509,"4,488"
EBL,3/6/2019,509,514,509,514,"8,453"
EBL,3/7/2019,512,520,512,518,"6,312"
EBL,3/10/2019,520,523,516,520,"12,636"
EBL,3/11/2019,528,530,518,525,"15,129"
EBL,3/12/2019,527,546,527,542,"16,348"
EBL,3/13/2019,550,550,537,540,"14,562"
EBL,3/14/2019,530,545,527,540,"8,693"
EBL,3/17/2019,542,554,542,554,"16,079"
EBL,3/18/2019,559,565,550,556,"22,238"
EBL,3/19/2019,556,557,547,548,"5,077"
EBL,3/21/2019,551,555,546,552,"13,678"
EBL,3/24/2019,551,557,546,555,"10,437"
EBL,3/25/2019,555,558,548,553,"10,124"
EBL,3/26/2019,548,555,548,555,"8,320"
EBL,3/27/2019,558,558,553,556,"4,604"
EBL,3/28/2019,563,563,555,558,"9,837"
EBL,3/31/2019,560,565,558,561,"10,611"
EBL,4/1/2019,560,580,556,573,"19,974"
EBL,4/2/2019,579,599,579,592,"27,532"
EBL,4/3/2019,595,600,585,592,"20,165"
EBL,4/4/2019,591,602,591,596,"19,345"
EBL,4/7/2019,600,615,595,614,"26,188"
EBL,4/8/2019,618,622,602,608,"27,111"
EBL,4/9/2019,620,620,601,607,"15,777"
EBL,4/10/2019,610,610,599,603,"6,200"
EBL,4/11/2019,603,606,599,600,"12,840"
EBL,4/15/2019,609,611,600,603,"3,588"
EBL,4/16/2019,603,614,601,614,"10,002"
EBL,4/17/2019,625,625,609,620,"15,966"
EBL,4/18/2019,616,634,612,631,"25,005"
EBL,4/21/2019,635,680,631,680,"26,774"
EBL,4/22/2019,680,692,651,670,"46,587"
EBL,4/23/2019,670,681,660,671,"25,785"
EBL,4/24/2019,704,704,670,679,"13,729"
EBL,4/25/2019,684,685,668,671,"27,955"
EBL,4/28/2019,676,683,670,670,"21,499"
EBL,4/29/2019,670,673,650,666,"12,513"
EBL,4/30/2019,666,666,656,665,"12,311"
EBL,5/2/2019,657,664,656,656,"10,824"
EBL,5/5/2019,651,659,646,647,"16,125"
EBL,5/6/2019,650,675,645,675,"24,621"
EBL,5/7/2019,671,688,666,675,"25,417"
EBL,5/8/2019,675,675,664,666,"8,697"
EBL,5/9/2019,670,670,655,665,"6,560"
EBL,5/12/2019,665,670,655,667,"10,480"
EBL,5/13/2019,675,675,667,668,"8,500"
EBL,5/14/2019,670,680,669,674,"11,593"
EBL,5/15/2019,672,690,670,680,"17,835"
EBL,5/16/2019,685,686,673,677,"9,971"
EBL,5/19/2019,685,685,672,673,"5,550"
EBL,5/20/2019,674,675,662,662,"8,935"
EBL,5/21/2019,658,675,658,671,"8,562"
EBL,5/22/2019,672,675,669,671,"9,708"
EBL,5/23/2019,679,679,659,665,"13,375"
EBL,5/26/2019,661,666,657,659,"13,481"
EBL,5/27/2019,654,666,654,659,"5,876"
EBL,5/28/2019,660,681,657,666,"8,888"
EBL,5/29/2019,679,681,667,674,"15,565"
EBL,5/30/2019,700,707,677,677,"41,142"
EBL,6/2/2019,676,688,671,671,"10,476"
EBL,6/3/2019,675,675,666,671,"17,048"
EBL,6/4/2019,665,673,665,666,"15,798"
EBL,6/6/2019,670,670,664,667,"13,692"
EBL,6/10/2019,662,666,660,661,"11,649"
EBL,6/11/2019,660,669,660,665,"8,072"
EBL,6/12/2019,663,664,658,664,"5,592"
EBL,6/13/2019,665,666,656,663,"10,377"
EBL,6/16/2019,658,665,658,660,"9,672"
EBL,6/17/2019,660,665,655,657,"10,285"
EBL,6/18/2019,657,663,657,660,"7,881"
EBL,6/19/2019,650,662,650,661,"5,172"
EBL,6/20/2019,661,666,660,666,"5,374"
EBL,6/23/2019,662,665,659,662,"7,224"
EBL,6/24/2019,662,667,660,665,"6,968"
EBL,6/25/2019,664,667,663,665,"6,655"
EBL,6/26/2019,666,667,660,667,"9,076"
EBL,6/27/2019,667,669,663,663,"14,844"
EBL,6/30/2019,665,665,653,653,"11,001"
EBL,7/1/2019,646,658,645,655,"7,997"
EBL,7/2/2019,653,656,649,656,"7,934"
EBL,7/3/2019,658,666,654,665,"7,506"
EBL,7/4/2019,660,666,658,660,"5,746"
EBL,7/7/2019,654,655,648,650,"8,377"
EBL,7/8/2019,647,650,643,645,"5,075"
EBL,7/9/2019,650,654,647,654,"7,805"
EBL,7/10/2019,648,664,648,659,"6,522"
EBL,7/11/2019,660,666,655,666,"9,384"
EBL,7/14/2019,661,666,660,662,"5,653"
EBL,7/15/2019,662,670,660,663,"10,458"
EBL,7/16/2019,696,696,664,666,"7,165"
EBL,7/17/2019,668,680,668,677,"17,868"
EBL,7/18/2019,675,683,674,675,"8,558"
EBL,7/21/2019,688,688,666,666,"5,850"
EBL,7/22/2019,670,672,666,669,"12,403"
EBL,7/23/2019,672,680,672,678,"8,396"
EBL,7/24/2019,677,689,677,681,"10,312"
EBL,7/25/2019,679,680,672,673,"7,252"
EBL,7/28/2019,661,667,660,660,"15,409"
EBL,7/29/2019,665,666,658,661,"5,747"
EBL,7/30/2019,661,666,661,662,"3,676"
EBL,7/31/2019,662,669,662,666,"2,056"
EBL,8/1/2019,668,670,660,664,"10,154"
EBL,8/4/2019,666,669,656,660,"16,372"
EBL,8/5/2019,660,663,657,658,"5,004"
EBL,8/6/2019,655,656,650,652,"12,988"
EBL,8/7/2019,650,656,648,652,"9,628"
EBL,8/8/2019,664,664,651,653,"4,380"
EBL,8/11/2019,650,667,650,667,"9,429"
EBL,8/12/2019,665,665,654,657,"5,983"
EBL,8/13/2019,657,657,653,655,"8,123"
EBL,8/14/2019,650,655,647,647,"3,884"
EBL,8/15/2019,648,648,641,641,"2,293"
EBL,8/18/2019,645,661,641,642,"8,553"
EBL,8/19/2019,642,658,642,651,"7,588"
EBL,8/20/2019,651,653,647,650,"3,043"
EBL,8/21/2019,650,655,646,651,"2,284"
EBL,8/22/2019,660,660,648,649,"6,797"
EBL,8/25/2019,649,655,645,655,"6,018"
EBL,8/26/2019,645,650,645,648,"10,637"
EBL,8/27/2019,655,660,648,650,"7,271"
EBL,8/28/2019,660,660,644,644,"2,847"
EBL,8/29/2019,645,647,641,644,"7,637"
EBL,9/1/2019,645,645,630,630,"9,999"
EBL,9/2/2019,630,630,608,613,"8,783"
EBL,9/3/2019,611,626,601,626,"10,507"
EBL,9/4/2019,638,638,624,626,"12,249"
EBL,9/5/2019,623,626,622,622,"6,963"
EBL,9/8/2019,620,620,608,610,"5,239"
EBL,9/9/2019,610,610,590,602,"19,909"
EBL,9/10/2019,601,610,594,598,"5,414"
EBL,9/11/2019,593,600,588,590,"8,523"
EBL,9/12/2019,601,601,580,580,"10,357"
EBL,9/15/2019,580,585,560,560,"11,531"
EBL,9/16/2019,555,558,546,550,"13,354"
EBL,9/17/2019,550,575,550,570,"10,125"
EBL,9/18/2019,581,590,570,587,"14,171"
EBL,9/19/2019,587,588,577,580,"8,210"
EBL,9/22/2019,573,574,564,568,"6,599"
EBL,9/23/2019,567,571,565,569,"2,297"
EBL,9/24/2019,560,567,560,565,"4,415"
EBL,9/25/2019,564,564,553,558,"5,587"
EBL,9/26/2019,562,562,555,557,"4,972"
EBL,9/29/2019,561,561,551,554,"5,665"
EBL,9/30/2019,552,567,550,565,"6,264"
EBL,10/1/2019,572,579,566,577,"6,075"
EBL,10/2/2019,576,576,570,572,"6,655"
EBL,10/3/2019,570,575,570,575,"8,050"
EBL,10/10/2019,579,584,574,574,"1,735"
EBL,10/14/2019,580,580,550,560,"8,061"
EBL,10/15/2019,558,559,550,554,"7,903"
EBL,10/16/2019,553,553,545,546,"13,000"
EBL,10/17/2019,550,553,546,547,"5,884"
EBL,10/20/2019,542,550,539,549,"13,579"
EBL,10/21/2019,555,555,545,545,"7,786"
EBL,10/22/2019,540,547,540,546,"15,964"
EBL,10/23/2019,546,550,545,550,"3,421"
EBL,10/24/2019,560,560,550,557,"13,345"
EBL,10/31/2019,557,560,553,558,"6,763"
EBL,11/3/2019,558,559,553,559,"5,728"
EBL,11/4/2019,551,560,550,557,"4,864"
EBL,11/5/2019,557,560,535,557,"26,636"
EBL,11/6/2019,567,567,556,561,"7,710"
EBL,11/7/2019,567,567,557,557,"5,269"
EBL,11/10/2019,567,567,552,557,"5,407"
EBL,11/11/2019,556,565,550,555,"9,574"
EBL,11/12/2019,555,556,550,552,"3,189"
EBL,11/13/2019,555,555,550,551,"3,198"
EBL,11/14/2019,555,560,551,555,"2,473"
EBL,11/17/2019,555,555,551,555,"5,668"
EBL,11/18/2019,551,554,551,553,"7,385"
EBL,11/19/2019,563,563,551,551,"2,490"
EBL,11/20/2019,555,562,551,555,"9,828"
EBL,11/21/2019,551,551,548,548,"4,642"
EBL,11/24/2019,545,545,537,539,"9,573"
EBL,11/25/2019,529,539,529,538,"9,179"
EBL,11/26/2019,540,541,535,540,"6,640"
EBL,11/27/2019,539,549,538,545,"4,137"
EBL,11/28/2019,545,553,543,545,"7,980"
EBL,12/1/2019,544,547,537,537,"6,835"
EBL,12/2/2019,537,541,537,539,"4,883"
EBL,12/3/2019,540,543,537,541,"5,510"
EBL,12/4/2019,550,551,542,546,"3,713"
EBL,12/5/2019,544,552,543,546,"4,586"
EBL,12/8/2019,546,550,543,546,"7,268"
EBL,12/9/2019,541,556,541,551,"6,160"
EBL,12/10/2019,560,569,550,556,"5,522"
EBL,12/11/2019,563,564,560,563,"4,648"
EBL,12/12/2019,572,572,560,563,"11,230"
EBL,12/15/2019,563,583,563,576,"13,964"
EBL,12/16/2019,579,579,568,575,"15,557"
EBL,12/17/2019,567,576,567,573,"7,248"
EBL,12/18/2019,570,575,570,570,"6,042"
EBL,12/19/2019,575,581,567,569,"15,255"
EBL,12/22/2019,532,532,525,526,"5,771"
EBL,12/23/2019,536,536,526,529,"6,140"
EBL,12/24/2019,529,533,526,526,"7,312"
EBL,12/25/2019,528,528,525,526,"3,940"
EBL,12/26/2019,525,527,525,527,"3,503"
EBL,12/29/2019,526,528,525,525,"4,555"
EBL,12/30/2019,522,522,517,522,"7,122"
EBL,12/31/2019,522,530,520,525,"5,124"
EBL,1/1/2020,525,525,523,525,"3,613"
EBL,1/2/2020,528,530,524,527,"6,472"
EBL,1/5/2020,527,546,527,542,"12,317"
EBL,1/6/2020,550,563,550,558,"25,500"
EBL,1/7/2020,563,588,563,585,"25,260"
EBL,1/8/2020,595,603,577,585,"21,330"
EBL,1/9/2020,584,591,580,586,"10,461"
EBL,1/12/2020,595,599,589,596,"11,654"
EBL,1/13/2020,603,619,603,604,"17,247"
EBL,1/14/2020,604,605,585,596,"14,918"
EBL,1/15/2020,605,617,595,614,"36,287"
EBL,1/16/2020,615,637,615,629,"27,215"
EBL,1/19/2020,635,645,633,642,"25,366"
EBL,1/20/2020,654,654,620,633,"20,518"
EBL,1/21/2020,632,634,622,628,"16,221"
EBL,1/22/2020,630,633,617,617,"16,588"
EBL,1/23/2020,616,622,610,612,"9,960"
EBL,1/26/2020,610,610,597,598,"20,795"
EBL,1/27/2020,598,610,598,610,"14,545"
EBL,1/28/2020,613,627,613,616,"10,643"
EBL,1/29/2020,615,617,612,616,"11,351"
EBL,1/30/2020,625,633,617,630,"20,431"
EBL,2/2/2020,640,657,640,657,"48,254"
EBL,2/3/2020,675,675,651,654,"17,963"
EBL,2/4/2020,654,657,641,641,"16,025"
EBL,2/5/2020,650,650,643,646,"6,916"
EBL,2/6/2020,645,646,638,641,"10,379"
EBL,2/9/2020,630,638,629,630,"5,808"
EBL,2/10/2020,637,637,626,627,"8,871"
EBL,2/11/2020,639,647,628,643,"12,689"
EBL,2/12/2020,648,648,640,641,"14,522"
EBL,2/13/2020,645,645,638,639,"13,289"
EBL,2/16/2020,637,638,630,637,"13,546"
EBL,2/17/2020,649,675,649,670,"51,892"
EBL,2/18/2020,674,683,665,670,"48,150"
EBL,2/19/2020,670,672,659,665,"12,346"
EBL,2/20/2020,675,680,660,680,"24,088"
EBL,2/23/2020,693,730,691,730,"48,160"
EBL,2/24/2020,744,763,715,724,"67,174"
EBL,2/25/2020,738,740,700,740,"29,348"
EBL,2/26/2020,750,800,745,800,"48,869"
EBL,2/27/2020,800,880,775,880,"127,927"
EBL,3/1/2020,897,932,848,864,"121,923"
EBL,3/2/2020,850,862,786,786,"57,994"
EBL,3/3/2020,775,837,736,813,"130,142"
EBL,3/4/2020,814,819,762,764,"71,316"
EBL,3/5/2020,750,777,707,751,"48,163"
EBL,3/10/2020,736,751,695,695,"32,287"
EBL,3/11/2020,700,738,686,738,"65,770"
EBL,3/12/2020,724,738,702,706,"51,067"
EBL,3/15/2020,712,712,650,652,"65,534"
EBL,3/16/2020,650,678,641,656,"45,835"
EBL,3/17/2020,665,670,632,640,"50,623"
EBL,3/18/2020,633,648,594,620,"37,433"
EBL,3/19/2020,608,645,590,630,"43,107"
EBL,3/22/2020,618,620,606,612,"5,866"
